date,JNJ_PE_FY1,LLY_PE_FY1,UNH_PE_FY1
2015-10-23,15.139876,25.50747,18.332872
2015-10-26,15.139876,25.50747,18.332872
2015-10-27,15.139876,25.50747,18.332872
2015-10-28,15.139876,25.50747,18.332872
2015-10-29,15.139876,25.50747,18.332872
2015-10-30,15.139876,25.50747,18.332872
2015-11-02,16.34117,24.093191,18.662909
2015-11-03,16.34117,24.093191,18.662909
2015-11-04,16.34117,24.093191,18.662909
2015-11-05,16.34117,24.093191,18.662909
2015-11-06,16.34117,24.093191,18.662909
2015-11-09,16.34117,24.093191,18.662909
2015-11-10,16.34117,24.093191,18.662909
2015-11-11,16.34117,24.093191,18.662909
2015-11-12,16.34117,24.093191,18.662909
2015-11-13,16.34117,24.093191,18.662909
2015-11-16,16.34117,24.093191,18.662909
2015-11-17,16.34117,24.093191,18.662909
2015-11-18,16.34117,24.093191,18.662909
2015-11-19,16.34117,24.093191,18.662909
2015-11-20,16.34117,24.093191,18.662909
2015-11-23,16.34117,24.093191,18.662909
2015-11-24,16.34117,24.093191,18.662909
2015-11-25,16.34117,24.093191,18.662909
2015-11-27,16.34117,24.093191,18.662909
2015-11-30,16.34117,24.093191,18.662909
2015-12-01,16.373045,23.932068,18.529943
2015-12-02,16.373045,23.932068,18.529943
2015-12-03,16.373045,23.932068,18.529943
2015-12-04,16.373045,23.932068,18.529943
2015-12-07,16.373045,23.932068,18.529943
2015-12-08,16.373045,23.932068,18.529943
2015-12-09,16.373045,23.932068,18.529943
2015-12-10,16.373045,23.932068,18.529943
2015-12-11,16.373045,23.932068,18.529943
2015-12-14,16.373045,23.932068,18.529943
2015-12-15,16.373045,23.932068,18.529943
2015-12-16,16.373045,23.932068,18.529943
2015-12-17,16.373045,23.932068,18.529943
2015-12-18,16.373045,23.932068,18.529943
2015-12-21,16.373045,23.932068,18.529943
2015-12-22,16.373045,23.932068,18.529943
2015-12-23,16.373045,23.932068,18.529943
2015-12-24,16.373045,23.932068,18.529943
2015-12-28,16.373045,23.932068,18.529943
2015-12-29,16.373045,23.932068,18.529943
2015-12-30,16.373045,23.932068,18.529943
2015-12-31,16.373045,23.932068,18.529943
2016-01-04,16.611456,24.518106,19.511536
2016-01-05,16.611456,24.518106,19.511536
2016-01-06,16.611456,24.518106,19.511536
2016-01-07,16.611456,24.518106,19.511536
2016-01-08,16.611456,24.518106,19.511536
2016-01-11,16.611456,24.518106,19.511536
2016-01-12,16.611456,24.518106,19.511536
2016-01-13,16.611456,24.518106,19.511536
2016-01-14,16.611456,24.518106,19.511536
2016-01-15,16.611456,24.518106,19.511536
2016-01-19,16.611456,24.518106,19.511536
2016-01-20,16.611456,24.518106,19.511536
2016-01-21,16.611456,24.518106,19.511536
2016-01-22,16.611456,24.518106,19.511536
2016-01-25,16.611456,24.518106,19.511536
2016-01-26,16.611456,24.518106,19.511536
2016-01-27,16.611456,24.518106,19.511536
2016-01-28,16.611456,24.518106,19.511536
2016-01-29,16.611456,24.518106,19.511536
2016-02-01,16.086222,22.317707,14.903207
2016-02-02,16.086222,22.317707,14.903207
2016-02-03,16.086222,22.317707,14.903207
2016-02-04,16.086222,22.317707,14.903207
2016-02-05,16.086222,22.317707,14.903207
2016-02-08,16.086222,22.317707,14.903207
2016-02-09,16.086222,22.317707,14.903207
2016-02-10,16.086222,22.317707,14.903207
2016-02-11,16.086222,22.317707,14.903207
2016-02-12,16.086222,22.317707,14.903207
2016-02-16,16.086222,22.317707,14.903207
2016-02-17,16.086222,22.317707,14.903207
2016-02-18,16.086222,22.317707,14.903207
2016-02-19,16.086222,22.317707,14.903207
2016-02-22,16.086222,22.317707,14.903207
2016-02-23,16.086222,22.317707,14.903207
2016-02-24,16.086222,22.317707,14.903207
2016-02-25,16.086222,22.317707,14.903207
2016-02-26,16.086222,22.317707,14.903207
2016-02-29,16.086222,22.317707,14.903207
2016-03-01,16.151365,20.352041,15.413094
2016-03-02,16.151365,20.352041,15.413094
2016-03-03,16.151365,20.352041,15.413094
2016-03-04,16.151365,20.352041,15.413094
2016-03-07,16.151365,20.352041,15.413094
2016-03-08,16.151365,20.352041,15.413094
2016-03-09,16.151365,20.352041,15.413094
2016-03-10,16.151365,20.352041,15.413094
2016-03-11,16.151365,20.352041,15.413094
2016-03-14,16.151365,20.352041,15.413094
2016-03-15,16.151365,20.352041,15.413094
2016-03-16,16.151365,20.352041,15.413094
2016-03-17,16.151365,20.352041,15.413094
2016-03-18,16.151365,20.352041,15.413094
2016-03-21,16.151365,20.352041,15.413094
2016-03-22,16.151365,20.352041,15.413094
2016-03-23,16.151365,20.352041,15.413094
2016-03-24,16.151365,20.352041,15.413094
2016-03-28,16.151365,20.352041,15.413094
2016-03-29,16.151365,20.352041,15.413094
2016-03-30,16.151365,20.352041,15.413094
2016-03-31,16.151365,20.352041,15.413094
2016-04-01,16.606298,20.354256,16.693338
2016-04-04,16.606298,20.354256,16.693338
2016-04-05,16.606298,20.354256,16.693338
2016-04-06,16.606298,20.354256,16.693338
2016-04-07,16.606298,20.354256,16.693338
2016-04-08,16.606298,20.354256,16.693338
2016-04-11,16.606298,20.354256,16.693338
2016-04-12,16.606298,20.354256,16.693338
2016-04-13,16.606298,20.354256,16.693338
2016-04-14,16.606298,20.354256,16.693338
2016-04-15,16.606298,20.354256,16.693338
2016-04-18,16.606298,20.354256,16.693338
2016-04-19,16.606298,20.354256,16.693338
2016-04-20,16.606298,20.354256,16.693338
2016-04-21,16.606298,20.354256,16.693338
2016-04-22,16.606298,20.354256,16.693338
2016-04-25,16.606298,20.354256,16.693338
2016-04-26,16.606298,20.354256,16.693338
2016-04-27,16.606298,20.354256,16.693338
2016-04-28,16.606298,20.354256,16.693338
2016-04-29,16.606298,20.354256,16.693338
2016-05-02,17.010687,21.178776,16.753765
2016-05-03,17.010687,21.178776,16.753765
2016-05-04,17.010687,21.178776,16.753765
2016-05-05,17.010687,21.178776,16.753765
2016-05-06,17.010687,21.178776,16.753765
2016-05-09,17.010687,21.178776,16.753765
2016-05-10,17.010687,21.178776,16.753765
2016-05-11,17.010687,21.178776,16.753765
2016-05-12,17.010687,21.178776,16.753765
2016-05-13,17.010687,21.178776,16.753765
2016-05-16,17.010687,21.178776,16.753765
2016-05-17,17.010687,21.178776,16.753765
2016-05-18,17.010687,21.178776,16.753765
2016-05-19,17.010687,21.178776,16.753765
2016-05-20,17.010687,21.178776,16.753765
2016-05-23,17.010687,21.178776,16.753765
2016-05-24,17.010687,21.178776,16.753765
2016-05-25,17.010687,21.178776,16.753765
2016-05-26,17.010687,21.178776,16.753765
2016-05-27,17.010687,21.178776,16.753765
2016-05-31,17.010687,21.178776,16.753765
2016-06-01,17.077208,21.038574,16.99833
2016-06-02,17.077208,21.038574,16.99833
2016-06-03,17.077208,21.038574,16.99833
2016-06-06,17.077208,21.038574,16.99833
2016-06-07,17.077208,21.038574,16.99833
2016-06-08,17.077208,21.038574,16.99833
2016-06-09,17.077208,21.038574,16.99833
2016-06-10,17.077208,21.038574,16.99833
2016-06-13,17.077208,21.038574,16.99833
2016-06-14,17.077208,21.038574,16.99833
2016-06-15,17.077208,21.038574,16.99833
2016-06-16,17.077208,21.038574,16.99833
2016-06-17,17.077208,21.038574,16.99833
2016-06-20,17.077208,21.038574,16.99833
2016-06-21,17.077208,21.038574,16.99833
2016-06-22,17.077208,21.038574,16.99833
2016-06-23,17.077208,21.038574,16.99833
2016-06-24,17.077208,21.038574,16.99833
2016-06-27,17.077208,21.038574,16.99833
2016-06-28,17.077208,21.038574,16.99833
2016-06-29,17.077208,21.038574,16.99833
2016-06-30,17.077208,21.038574,16.99833
2016-07-01,18.381464,22.052097,17.89309
2016-07-05,18.381464,22.052097,17.89309
2016-07-06,18.381464,22.052097,17.89309
2016-07-07,18.381464,22.052097,17.89309
2016-07-08,18.381464,22.052097,17.89309
2016-07-11,18.381464,22.052097,17.89309
2016-07-12,18.381464,22.052097,17.89309
2016-07-13,18.381464,22.052097,17.89309
2016-07-14,18.381464,22.052097,17.89309
2016-07-15,18.381464,22.052097,17.89309
2016-07-18,18.381464,22.052097,17.89309
2016-07-19,18.381464,22.052097,17.89309
2016-07-20,18.381464,22.052097,17.89309
2016-07-21,18.381464,22.052097,17.89309
2016-07-22,18.381464,22.052097,17.89309
2016-07-25,18.381464,22.052097,17.89309
2016-07-26,18.381464,22.052097,17.89309
2016-07-27,18.381464,22.052097,17.89309
2016-07-28,18.381464,22.052097,17.89309
2016-07-29,18.381464,22.052097,17.89309
2016-08-01,18.729532,23.143501,18.090204
2016-08-02,18.729532,23.143501,18.090204
2016-08-03,18.729532,23.143501,18.090204
2016-08-04,18.729532,23.143501,18.090204
2016-08-05,18.729532,23.143501,18.090204
2016-08-08,18.729532,23.143501,18.090204
2016-08-09,18.729532,23.143501,18.090204
2016-08-10,18.729532,23.143501,18.090204
2016-08-11,18.729532,23.143501,18.090204
2016-08-12,18.729532,23.143501,18.090204
2016-08-15,18.729532,23.143501,18.090204
2016-08-16,18.729532,23.143501,18.090204
2016-08-17,18.729532,23.143501,18.090204
2016-08-18,18.729532,23.143501,18.090204
2016-08-19,18.729532,23.143501,18.090204
2016-08-22,18.729532,23.143501,18.090204
2016-08-23,18.729532,23.143501,18.090204
2016-08-24,18.729532,23.143501,18.090204
2016-08-25,18.729532,23.143501,18.090204
2016-08-26,18.729532,23.143501,18.090204
2016-08-29,18.729532,23.143501,18.090204
2016-08-30,18.729532,23.143501,18.090204
2016-08-31,18.729532,23.143501,18.090204
2016-09-01,17.856247,21.700747,17.186869
2016-09-02,17.856247,21.700747,17.186869
2016-09-06,17.856247,21.700747,17.186869
2016-09-07,17.856247,21.700747,17.186869
2016-09-08,17.856247,21.700747,17.186869
2016-09-09,17.856247,21.700747,17.186869
2016-09-12,17.856247,21.700747,17.186869
2016-09-13,17.856247,21.700747,17.186869
2016-09-14,17.856247,21.700747,17.186869
2016-09-15,17.856247,21.700747,17.186869
2016-09-16,17.856247,21.700747,17.186869
2016-09-19,17.856247,21.700747,17.186869
2016-09-20,17.856247,21.700747,17.186869
2016-09-21,17.856247,21.700747,17.186869
2016-09-22,17.856247,21.700747,17.186869
2016-09-23,17.856247,21.700747,17.186869
2016-09-26,17.856247,21.700747,17.186869
2016-09-27,17.856247,21.700747,17.186869
2016-09-28,17.856247,21.700747,17.186869
2016-09-29,17.856247,21.700747,17.186869
2016-09-30,17.856247,21.700747,17.186869
2016-10-03,17.660103,22.374313,17.68229
2016-10-04,17.660103,22.374313,17.68229
2016-10-05,17.660103,22.374313,17.68229
2016-10-06,17.660103,22.374313,17.68229
2016-10-07,17.660103,22.374313,17.68229
2016-10-10,17.660103,22.374313,17.68229
2016-10-11,17.660103,22.374313,17.68229
2016-10-12,17.660103,22.374313,17.68229
2016-10-13,17.660103,22.374313,17.68229
2016-10-14,17.660103,22.374313,17.68229
2016-10-17,17.660103,22.374313,17.68229
2016-10-18,17.660103,22.374313,17.68229
2016-10-19,17.660103,22.374313,17.68229
2016-10-20,17.660103,22.374313,17.68229
2016-10-21,17.660103,22.374313,17.68229
2016-10-24,17.660103,22.374313,17.68229
2016-10-25,17.660103,22.374313,17.68229
2016-10-26,17.660103,22.374313,17.68229
2016-10-27,17.660103,22.374313,17.68229
2016-10-28,17.660103,22.374313,17.68229
2016-10-31,17.660103,22.374313,17.68229
2016-11-01,17.288578,20.783388,17.655867
2016-11-02,17.288578,20.783388,17.655867
2016-11-03,17.288578,20.783388,17.655867
2016-11-04,17.288578,20.783388,17.655867
2016-11-07,17.288578,20.783388,17.655867
2016-11-08,17.288578,20.783388,17.655867
2016-11-09,17.288578,20.783388,17.655867
2016-11-10,17.288578,20.783388,17.655867
2016-11-11,17.288578,20.783388,17.655867
2016-11-14,17.288578,20.783388,17.655867
2016-11-15,17.288578,20.783388,17.655867
2016-11-16,17.288578,20.783388,17.655867
2016-11-17,17.288578,20.783388,17.655867
2016-11-18,17.288578,20.783388,17.655867
2016-11-21,17.288578,20.783388,17.655867
2016-11-22,17.288578,20.783388,17.655867
2016-11-23,17.288578,20.783388,17.655867
2016-11-25,17.288578,20.783388,17.655867
2016-11-28,17.288578,20.783388,17.655867
2016-11-29,17.288578,20.783388,17.655867
2016-11-30,17.288578,20.783388,17.655867
2016-12-01,16.592253,19.065979,19.77075
2016-12-02,16.592253,19.065979,19.77075
2016-12-05,16.592253,19.065979,19.77075
2016-12-06,16.592253,19.065979,19.77075
2016-12-07,16.592253,19.065979,19.77075
2016-12-08,16.592253,19.065979,19.77075
2016-12-09,16.592253,19.065979,19.77075
2016-12-12,16.592253,19.065979,19.77075
2016-12-13,16.592253,19.065979,19.77075
2016-12-14,16.592253,19.065979,19.77075
2016-12-15,16.592253,19.065979,19.77075
2016-12-16,16.592253,19.065979,19.77075
2016-12-19,16.592253,19.065979,19.77075
2016-12-20,16.592253,19.065979,19.77075
2016-12-21,16.592253,19.065979,19.77075
2016-12-22,16.592253,19.065979,19.77075
2016-12-23,16.592253,19.065979,19.77075
2016-12-27,16.592253,19.065979,19.77075
2016-12-28,16.592253,19.065979,19.77075
2016-12-29,16.592253,19.065979,19.77075
2016-12-30,16.592253,19.065979,19.77075
2017-01-03,17.172167,20.771837,19.967875
2017-01-04,17.172167,20.771837,19.967875
2017-01-05,17.172167,20.771837,19.967875
2017-01-06,17.172167,20.771837,19.967875
2017-01-09,17.172167,20.771837,19.967875
2017-01-10,17.172167,20.771837,19.967875
2017-01-11,17.172167,20.771837,19.967875
2017-01-12,17.172167,20.771837,19.967875
2017-01-13,17.172167,20.771837,19.967875
2017-01-17,17.172167,20.771837,19.967875
2017-01-18,17.172167,20.771837,19.967875
2017-01-19,17.172167,20.771837,19.967875
2017-01-20,17.172167,20.771837,19.967875
2017-01-23,17.172167,20.771837,19.967875
2017-01-24,17.172167,20.771837,19.967875
2017-01-25,17.172167,20.771837,19.967875
2017-01-26,17.172167,20.771837,19.967875
2017-01-27,17.172167,20.771837,19.967875
2017-01-30,17.172167,20.771837,19.967875
2017-01-31,17.172167,20.771837,19.967875
2017-02-01,16.078316,19.0041,17.034603
2017-02-02,16.078316,19.0041,17.034603
2017-02-03,16.078316,19.0041,17.034603
2017-02-06,16.078316,19.0041,17.034603
2017-02-07,16.078316,19.0041,17.034603
2017-02-08,16.078316,19.0041,17.034603
2017-02-09,16.078316,19.0041,17.034603
2017-02-10,16.078316,19.0041,17.034603
2017-02-13,16.078316,19.0041,17.034603
2017-02-14,16.078316,19.0041,17.034603
2017-02-15,16.078316,19.0041,17.034603
2017-02-16,16.078316,19.0041,17.034603
2017-02-17,16.078316,19.0041,17.034603
2017-02-21,16.078316,19.0041,17.034603
2017-02-22,16.078316,19.0041,17.034603
2017-02-23,16.078316,19.0041,17.034603
2017-02-24,16.078316,19.0041,17.034603
2017-02-27,16.078316,19.0041,17.034603
2017-02-28,16.078316,19.0041,17.034603
2017-03-01,17.338663,20.3958,17.39417
2017-03-02,17.338663,20.3958,17.39417
2017-03-03,17.338663,20.3958,17.39417
2017-03-06,17.338663,20.3958,17.39417
2017-03-07,17.338663,20.3958,17.39417
2017-03-08,17.338663,20.3958,17.39417
2017-03-09,17.338663,20.3958,17.39417
2017-03-10,17.338663,20.3958,17.39417
2017-03-13,17.338663,20.3958,17.39417
2017-03-14,17.338663,20.3958,17.39417
2017-03-15,17.338663,20.3958,17.39417
2017-03-16,17.338663,20.3958,17.39417
2017-03-17,17.338663,20.3958,17.39417
2017-03-20,17.338663,20.3958,17.39417
2017-03-21,17.338663,20.3958,17.39417
2017-03-22,17.338663,20.3958,17.39417
2017-03-23,17.338663,20.3958,17.39417
2017-03-24,17.338663,20.3958,17.39417
2017-03-27,17.338663,20.3958,17.39417
2017-03-28,17.338663,20.3958,17.39417
2017-03-29,17.338663,20.3958,17.39417
2017-03-30,17.338663,20.3958,17.39417
2017-03-31,17.338663,20.3958,17.39417
2017-04-03,17.658129,20.484053,17.2509
2017-04-04,17.658129,20.484053,17.2509
2017-04-05,17.658129,20.484053,17.2509
2017-04-06,17.658129,20.484053,17.2509
2017-04-07,17.658129,20.484053,17.2509
2017-04-10,17.658129,20.484053,17.2509
2017-04-11,17.658129,20.484053,17.2509
2017-04-12,17.658129,20.484053,17.2509
2017-04-13,17.658129,20.484053,17.2509
2017-04-17,17.658129,20.484053,17.2509
2017-04-18,17.658129,20.484053,17.2509
2017-04-19,17.658129,20.484053,17.2509
2017-04-20,17.658129,20.484053,17.2509
2017-04-21,17.658129,20.484053,17.2509
2017-04-24,17.658129,20.484053,17.2509
2017-04-25,17.658129,20.484053,17.2509
2017-04-26,17.658129,20.484053,17.2509
2017-04-27,17.658129,20.484053,17.2509
2017-04-28,17.658129,20.484053,17.2509
2017-05-01,17.39679,19.93471,17.883904
2017-05-02,17.39679,19.93471,17.883904
2017-05-03,17.39679,19.93471,17.883904
2017-05-04,17.39679,19.93471,17.883904
2017-05-05,17.39679,19.93471,17.883904
2017-05-08,17.39679,19.93471,17.883904
2017-05-09,17.39679,19.93471,17.883904
2017-05-10,17.39679,19.93471,17.883904
2017-05-11,17.39679,19.93471,17.883904
2017-05-12,17.39679,19.93471,17.883904
2017-05-15,17.39679,19.93471,17.883904
2017-05-16,17.39679,19.93471,17.883904
2017-05-17,17.39679,19.93471,17.883904
2017-05-18,17.39679,19.93471,17.883904
2017-05-19,17.39679,19.93471,17.883904
2017-05-22,17.39679,19.93471,17.883904
2017-05-23,17.39679,19.93471,17.883904
2017-05-24,17.39679,19.93471,17.883904
2017-05-25,17.39679,19.93471,17.883904
2017-05-26,17.39679,19.93471,17.883904
2017-05-30,17.39679,19.93471,17.883904
2017-05-31,17.39679,19.93471,17.883904
2017-06-01,18.071499,19.324669,17.891092
2017-06-02,18.071499,19.324669,17.891092
2017-06-05,18.071499,19.324669,17.891092
2017-06-06,18.071499,19.324669,17.891092
2017-06-07,18.071499,19.324669,17.891092
2017-06-08,18.071499,19.324669,17.891092
2017-06-09,18.071499,19.324669,17.891092
2017-06-12,18.071499,19.324669,17.891092
2017-06-13,18.071499,19.324669,17.891092
2017-06-14,18.071499,19.324669,17.891092
2017-06-15,18.071499,19.324669,17.891092
2017-06-16,18.071499,19.324669,17.891092
2017-06-19,18.071499,19.324669,17.891092
2017-06-20,18.071499,19.324669,17.891092
2017-06-21,18.071499,19.324669,17.891092
2017-06-22,18.071499,19.324669,17.891092
2017-06-23,18.071499,19.324669,17.891092
2017-06-26,18.071499,19.324669,17.891092
2017-06-27,18.071499,19.324669,17.891092
2017-06-28,18.071499,19.324669,17.891092
2017-06-29,18.071499,19.324669,17.891092
2017-06-30,18.071499,19.324669,17.891092
2017-07-03,18.610077,19.997656,18.92977
2017-07-05,18.610077,19.997656,18.92977
2017-07-06,18.610077,19.997656,18.92977
2017-07-07,18.610077,19.997656,18.92977
2017-07-10,18.610077,19.997656,18.92977
2017-07-11,18.610077,19.997656,18.92977
2017-07-12,18.610077,19.997656,18.92977
2017-07-13,18.610077,19.997656,18.92977
2017-07-14,18.610077,19.997656,18.92977
2017-07-17,18.610077,19.997656,18.92977
2017-07-18,18.610077,19.997656,18.92977
2017-07-19,18.610077,19.997656,18.92977
2017-07-20,18.610077,19.997656,18.92977
2017-07-21,18.610077,19.997656,18.92977
2017-07-24,18.610077,19.997656,18.92977
2017-07-25,18.610077,19.997656,18.92977
2017-07-26,18.610077,19.997656,18.92977
2017-07-27,18.610077,19.997656,18.92977
2017-07-28,18.610077,19.997656,18.92977
2017-07-31,18.610077,19.997656,18.92977
2017-08-01,18.478792,19.890026,19.443804
2017-08-02,18.478792,19.890026,19.443804
2017-08-03,18.478792,19.890026,19.443804
2017-08-04,18.478792,19.890026,19.443804
2017-08-07,18.478792,19.890026,19.443804
2017-08-08,18.478792,19.890026,19.443804
2017-08-09,18.478792,19.890026,19.443804
2017-08-10,18.478792,19.890026,19.443804
2017-08-11,18.478792,19.890026,19.443804
2017-08-14,18.478792,19.890026,19.443804
2017-08-15,18.478792,19.890026,19.443804
2017-08-16,18.478792,19.890026,19.443804
2017-08-17,18.478792,19.890026,19.443804
2017-08-18,18.478792,19.890026,19.443804
2017-08-21,18.478792,19.890026,19.443804
2017-08-22,18.478792,19.890026,19.443804
2017-08-23,18.478792,19.890026,19.443804
2017-08-24,18.478792,19.890026,19.443804
2017-08-25,18.478792,19.890026,19.443804
2017-08-28,18.478792,19.890026,19.443804
2017-08-29,18.478792,19.890026,19.443804
2017-08-30,18.478792,19.890026,19.443804
2017-08-31,18.478792,19.890026,19.443804
2017-09-01,18.43525,19.54427,20.186378
2017-09-05,18.43525,19.54427,20.186378
2017-09-06,18.43525,19.54427,20.186378
2017-09-07,18.43525,19.54427,20.186378
2017-09-08,18.43525,19.54427,20.186378
2017-09-11,18.43525,19.54427,20.186378
2017-09-12,18.43525,19.54427,20.186378
2017-09-13,18.43525,19.54427,20.186378
2017-09-14,18.43525,19.54427,20.186378
2017-09-15,18.43525,19.54427,20.186378
2017-09-18,18.43525,19.54427,20.186378
2017-09-19,18.43525,19.54427,20.186378
2017-09-20,18.43525,19.54427,20.186378
2017-09-21,18.43525,19.54427,20.186378
2017-09-22,18.43525,19.54427,20.186378
2017-09-25,18.43525,19.54427,20.186378
2017-09-26,18.43525,19.54427,20.186378
2017-09-27,18.43525,19.54427,20.186378
2017-09-28,18.43525,19.54427,20.186378
2017-09-29,18.43525,19.54427,20.186378
2017-10-02,18.109167,20.550474,19.85452
2017-10-03,18.109167,20.550474,19.85452
2017-10-04,18.109167,20.550474,19.85452
2017-10-05,18.109167,20.550474,19.85452
2017-10-06,18.109167,20.550474,19.85452
2017-10-09,18.109167,20.550474,19.85452
2017-10-10,18.109167,20.550474,19.85452
2017-10-11,18.109167,20.550474,19.85452
2017-10-12,18.109167,20.550474,19.85452
2017-10-13,18.109167,20.550474,19.85452
2017-10-16,18.109167,20.550474,19.85452
2017-10-17,18.109167,20.550474,19.85452
2017-10-18,18.109167,20.550474,19.85452
2017-10-19,18.109167,20.550474,19.85452
2017-10-20,18.109167,20.550474,19.85452
2017-10-23,18.109167,20.550474,19.85452
2017-10-24,18.109167,20.550474,19.85452
2017-10-25,18.109167,20.550474,19.85452
2017-10-26,18.109167,20.550474,19.85452
2017-10-27,18.109167,20.550474,19.85452
2017-10-30,18.109167,20.550474,19.85452
2017-10-31,18.109167,20.550474,19.85452
2017-11-01,19.160372,19.474653,21.095903
2017-11-02,19.160372,19.474653,21.095903
2017-11-03,19.160372,19.474653,21.095903
2017-11-06,19.160372,19.474653,21.095903
2017-11-07,19.160372,19.474653,21.095903
2017-11-08,19.160372,19.474653,21.095903
2017-11-09,19.160372,19.474653,21.095903
2017-11-10,19.160372,19.474653,21.095903
2017-11-13,19.160372,19.474653,21.095903
2017-11-14,19.160372,19.474653,21.095903
2017-11-15,19.160372,19.474653,21.095903
2017-11-16,19.160372,19.474653,21.095903
2017-11-17,19.160372,19.474653,21.095903
2017-11-20,19.160372,19.474653,21.095903
2017-11-21,19.160372,19.474653,21.095903
2017-11-22,19.160372,19.474653,21.095903
2017-11-24,19.160372,19.474653,21.095903
2017-11-27,19.160372,19.474653,21.095903
2017-11-28,19.160372,19.474653,21.095903
2017-11-29,19.160372,19.474653,21.095903
2017-11-30,19.160372,19.474653,21.095903
2017-12-01,19.149376,20.116068,22.824907
2017-12-04,19.149376,20.116068,22.824907
2017-12-05,19.149376,20.116068,22.824907
2017-12-06,19.149376,20.116068,22.824907
2017-12-07,19.149376,20.116068,22.824907
2017-12-08,19.149376,20.116068,22.824907
2017-12-11,19.149376,20.116068,22.824907
2017-12-12,19.149376,20.116068,22.824907
2017-12-13,19.149376,20.116068,22.824907
2017-12-14,19.149376,20.116068,22.824907
2017-12-15,19.149376,20.116068,22.824907
2017-12-18,19.149376,20.116068,22.824907
2017-12-19,19.149376,20.116068,22.824907
2017-12-20,19.149376,20.116068,22.824907
2017-12-21,19.149376,20.116068,22.824907
2017-12-22,19.149376,20.116068,22.824907
2017-12-26,19.149376,20.116068,22.824907
2017-12-27,19.149376,20.116068,22.824907
2017-12-28,19.149376,20.116068,22.824907
2017-12-29,19.149376,20.116068,22.824907
2018-01-02,19.20321,20.050655,22.043095
2018-01-03,19.20321,20.050655,22.043095
2018-01-04,19.20321,20.050655,22.043095
2018-01-05,19.20321,20.050655,22.043095
2018-01-08,19.20321,20.050655,22.043095
2018-01-09,19.20321,20.050655,22.043095
2018-01-10,19.20321,20.050655,22.043095
2018-01-11,19.20321,20.050655,22.043095
2018-01-12,19.20321,20.050655,22.043095
2018-01-16,19.20321,20.050655,22.043095
2018-01-17,19.20321,20.050655,22.043095
2018-01-18,19.20321,20.050655,22.043095
2018-01-19,19.20321,20.050655,22.043095
2018-01-22,19.20321,20.050655,22.043095
2018-01-23,19.20321,20.050655,22.043095
2018-01-24,19.20321,20.050655,22.043095
2018-01-25,19.20321,20.050655,22.043095
2018-01-26,19.20321,20.050655,22.043095
2018-01-29,19.20321,20.050655,22.043095
2018-01-30,19.20321,20.050655,22.043095
2018-01-31,19.20321,20.050655,22.043095
2018-02-01,17.066946,17.06449,19.01512
2018-02-02,17.066946,17.06449,19.01512
2018-02-05,17.066946,17.06449,19.01512
2018-02-06,17.066946,17.06449,19.01512
2018-02-07,17.066946,17.06449,19.01512
2018-02-08,17.066946,17.06449,19.01512
2018-02-09,17.066946,17.06449,19.01512
2018-02-12,17.066946,17.06449,19.01512
2018-02-13,17.066946,17.06449,19.01512
2018-02-14,17.066946,17.06449,19.01512
2018-02-15,17.066946,17.06449,19.01512
2018-02-16,17.066946,17.06449,19.01512
2018-02-20,17.066946,17.06449,19.01512
2018-02-21,17.066946,17.06449,19.01512
2018-02-22,17.066946,17.06449,19.01512
2018-02-23,17.066946,17.06449,19.01512
2018-02-26,17.066946,17.06449,19.01512
2018-02-27,17.066946,17.06449,19.01512
2018-02-28,17.066946,17.06449,19.01512
2018-03-01,16.038218,15.911518,18.162258
2018-03-02,16.038218,15.911518,18.162258
2018-03-05,16.038218,15.911518,18.162258
2018-03-06,16.038218,15.911518,18.162258
2018-03-07,16.038218,15.911518,18.162258
2018-03-08,16.038218,15.911518,18.162258
2018-03-09,16.038218,15.911518,18.162258
2018-03-12,16.038218,15.911518,18.162258
2018-03-13,16.038218,15.911518,18.162258
2018-03-14,16.038218,15.911518,18.162258
2018-03-15,16.038218,15.911518,18.162258
2018-03-16,16.038218,15.911518,18.162258
2018-03-19,16.038218,15.911518,18.162258
2018-03-20,16.038218,15.911518,18.162258
2018-03-21,16.038218,15.911518,18.162258
2018-03-22,16.038218,15.911518,18.162258
2018-03-23,16.038218,15.911518,18.162258
2018-03-26,16.038218,15.911518,18.162258
2018-03-27,16.038218,15.911518,18.162258
2018-03-28,16.038218,15.911518,18.162258
2018-03-29,16.038218,15.911518,18.162258
2018-04-02,15.825391,15.904881,17.080118
2018-04-03,15.825391,15.904881,17.080118
2018-04-04,15.825391,15.904881,17.080118
2018-04-05,15.825391,15.904881,17.080118
2018-04-06,15.825391,15.904881,17.080118
2018-04-09,15.825391,15.904881,17.080118
2018-04-10,15.825391,15.904881,17.080118
2018-04-11,15.825391,15.904881,17.080118
2018-04-12,15.825391,15.904881,17.080118
2018-04-13,15.825391,15.904881,17.080118
2018-04-16,15.825391,15.904881,17.080118
2018-04-17,15.825391,15.904881,17.080118
2018-04-18,15.825391,15.904881,17.080118
2018-04-19,15.825391,15.904881,17.080118
2018-04-20,15.825391,15.904881,17.080118
2018-04-23,15.825391,15.904881,17.080118
2018-04-24,15.825391,15.904881,17.080118
2018-04-25,15.825391,15.904881,17.080118
2018-04-26,15.825391,15.904881,17.080118
2018-04-27,15.825391,15.904881,17.080118
2018-04-30,15.825391,15.904881,17.080118
2018-05-01,15.56793,15.8199625,18.719208
2018-05-02,15.56793,15.8199625,18.719208
2018-05-03,15.56793,15.8199625,18.719208
2018-05-04,15.56793,15.8199625,18.719208
2018-05-07,15.56793,15.8199625,18.719208
2018-05-08,15.56793,15.8199625,18.719208
2018-05-09,15.56793,15.8199625,18.719208
2018-05-10,15.56793,15.8199625,18.719208
2018-05-11,15.56793,15.8199625,18.719208
2018-05-14,15.56793,15.8199625,18.719208
2018-05-15,15.56793,15.8199625,18.719208
2018-05-16,15.56793,15.8199625,18.719208
2018-05-17,15.56793,15.8199625,18.719208
2018-05-18,15.56793,15.8199625,18.719208
2018-05-21,15.56793,15.8199625,18.719208
2018-05-22,15.56793,15.8199625,18.719208
2018-05-23,15.56793,15.8199625,18.719208
2018-05-24,15.56793,15.8199625,18.719208
2018-05-25,15.56793,15.8199625,18.719208
2018-05-29,15.56793,15.8199625,18.719208
2018-05-30,15.56793,15.8199625,18.719208
2018-05-31,15.56793,15.8199625,18.719208
2018-06-01,14.727682,16.559422,19.12384
2018-06-04,14.727682,16.559422,19.12384
2018-06-05,14.727682,16.559422,19.12384
2018-06-06,14.727682,16.559422,19.12384
2018-06-07,14.727682,16.559422,19.12384
2018-06-08,14.727682,16.559422,19.12384
2018-06-11,14.727682,16.559422,19.12384
2018-06-12,14.727682,16.559422,19.12384
2018-06-13,14.727682,16.559422,19.12384
2018-06-14,14.727682,16.559422,19.12384
2018-06-15,14.727682,16.559422,19.12384
2018-06-18,14.727682,16.559422,19.12384
2018-06-19,14.727682,16.559422,19.12384
2018-06-20,14.727682,16.559422,19.12384
2018-06-21,14.727682,16.559422,19.12384
2018-06-22,14.727682,16.559422,19.12384
2018-06-25,14.727682,16.559422,19.12384
2018-06-26,14.727682,16.559422,19.12384
2018-06-27,14.727682,16.559422,19.12384
2018-06-28,14.727682,16.559422,19.12384
2018-06-29,14.727682,16.559422,19.12384
2018-07-02,14.937449,16.578228,19.426395
2018-07-03,14.937449,16.578228,19.426395
2018-07-05,14.937449,16.578228,19.426395
2018-07-06,14.937449,16.578228,19.426395
2018-07-09,14.937449,16.578228,19.426395
2018-07-10,14.937449,16.578228,19.426395
2018-07-11,14.937449,16.578228,19.426395
2018-07-12,14.937449,16.578228,19.426395
2018-07-13,14.937449,16.578228,19.426395
2018-07-16,14.937449,16.578228,19.426395
2018-07-17,14.937449,16.578228,19.426395
2018-07-18,14.937449,16.578228,19.426395
2018-07-19,14.937449,16.578228,19.426395
2018-07-20,14.937449,16.578228,19.426395
2018-07-23,14.937449,16.578228,19.426395
2018-07-24,14.937449,16.578228,19.426395
2018-07-25,14.937449,16.578228,19.426395
2018-07-26,14.937449,16.578228,19.426395
2018-07-27,14.937449,16.578228,19.426395
2018-07-30,14.937449,16.578228,19.426395
2018-07-31,14.937449,16.578228,19.426395
2018-08-01,16.278593,18.188042,19.924593
2018-08-02,16.278593,18.188042,19.924593
2018-08-03,16.278593,18.188042,19.924593
2018-08-06,16.278593,18.188042,19.924593
2018-08-07,16.278593,18.188042,19.924593
2018-08-08,16.278593,18.188042,19.924593
2018-08-09,16.278593,18.188042,19.924593
2018-08-10,16.278593,18.188042,19.924593
2018-08-13,16.278593,18.188042,19.924593
2018-08-14,16.278593,18.188042,19.924593
2018-08-15,16.278593,18.188042,19.924593
2018-08-16,16.278593,18.188042,19.924593
2018-08-17,16.278593,18.188042,19.924593
2018-08-20,16.278593,18.188042,19.924593
2018-08-21,16.278593,18.188042,19.924593
2018-08-22,16.278593,18.188042,19.924593
2018-08-23,16.278593,18.188042,19.924593
2018-08-24,16.278593,18.188042,19.924593
2018-08-27,16.278593,18.188042,19.924593
2018-08-28,16.278593,18.188042,19.924593
2018-08-29,16.278593,18.188042,19.924593
2018-08-30,16.278593,18.188042,19.924593
2018-08-31,16.278593,18.188042,19.924593
2018-09-04,16.536234,19.399694,21.12375
2018-09-05,16.536234,19.399694,21.12375
2018-09-06,16.536234,19.399694,21.12375
2018-09-07,16.536234,19.399694,21.12375
2018-09-10,16.536234,19.399694,21.12375
2018-09-11,16.536234,19.399694,21.12375
2018-09-12,16.536234,19.399694,21.12375
2018-09-13,16.536234,19.399694,21.12375
2018-09-14,16.536234,19.399694,21.12375
2018-09-17,16.536234,19.399694,21.12375
2018-09-18,16.536234,19.399694,21.12375
2018-09-19,16.536234,19.399694,21.12375
2018-09-20,16.536234,19.399694,21.12375
2018-09-21,16.536234,19.399694,21.12375
2018-09-24,16.536234,19.399694,21.12375
2018-09-25,16.536234,19.399694,21.12375
2018-09-26,16.536234,19.399694,21.12375
2018-09-27,16.536234,19.399694,21.12375
2018-09-28,16.536234,19.399694,21.12375
2018-10-01,16.959517,19.608492,20.929312
2018-10-02,16.959517,19.608492,20.929312
2018-10-03,16.959517,19.608492,20.929312
2018-10-04,16.959517,19.608492,20.929312
2018-10-05,16.959517,19.608492,20.929312
2018-10-08,16.959517,19.608492,20.929312
2018-10-09,16.959517,19.608492,20.929312
2018-10-10,16.959517,19.608492,20.929312
2018-10-11,16.959517,19.608492,20.929312
2018-10-12,16.959517,19.608492,20.929312
2018-10-15,16.959517,19.608492,20.929312
2018-10-16,16.959517,19.608492,20.929312
2018-10-17,16.959517,19.608492,20.929312
2018-10-18,16.959517,19.608492,20.929312
2018-10-19,16.959517,19.608492,20.929312
2018-10-22,16.959517,19.608492,20.929312
2018-10-23,16.959517,19.608492,20.929312
2018-10-24,16.959517,19.608492,20.929312
2018-10-25,16.959517,19.608492,20.929312
2018-10-26,16.959517,19.608492,20.929312
2018-10-29,16.959517,19.608492,20.929312
2018-10-30,16.959517,19.608492,20.929312
2018-10-31,16.959517,19.608492,20.929312
2018-11-01,17.13879,19.789776,20.402489
2018-11-02,17.13879,19.789776,20.402489
2018-11-05,17.13879,19.789776,20.402489
2018-11-06,17.13879,19.789776,20.402489
2018-11-07,17.13879,19.789776,20.402489
2018-11-08,17.13879,19.789776,20.402489
2018-11-09,17.13879,19.789776,20.402489
2018-11-12,17.13879,19.789776,20.402489
2018-11-13,17.13879,19.789776,20.402489
2018-11-14,17.13879,19.789776,20.402489
2018-11-15,17.13879,19.789776,20.402489
2018-11-16,17.13879,19.789776,20.402489
2018-11-19,17.13879,19.789776,20.402489
2018-11-20,17.13879,19.789776,20.402489
2018-11-21,17.13879,19.789776,20.402489
2018-11-23,17.13879,19.789776,20.402489
2018-11-26,17.13879,19.789776,20.402489
2018-11-27,17.13879,19.789776,20.402489
2018-11-28,17.13879,19.789776,20.402489
2018-11-29,17.13879,19.789776,20.402489
2018-11-30,17.13879,19.789776,20.402489
2018-12-03,17.993021,21.259127,21.968155
2018-12-04,17.993021,21.259127,21.968155
2018-12-06,17.993021,21.259127,21.968155
2018-12-07,17.993021,21.259127,21.968155
2018-12-10,17.993021,21.259127,21.968155
2018-12-11,17.993021,21.259127,21.968155
2018-12-12,17.993021,21.259127,21.968155
2018-12-13,17.993021,21.259127,21.968155
2018-12-14,17.993021,21.259127,21.968155
2018-12-17,17.993021,21.259127,21.968155
2018-12-18,17.993021,21.259127,21.968155
2018-12-19,17.993021,21.259127,21.968155
2018-12-20,17.993021,21.259127,21.968155
2018-12-21,17.993021,21.259127,21.968155
2018-12-24,17.993021,21.259127,21.968155
2018-12-26,17.993021,21.259127,21.968155
2018-12-27,17.993021,21.259127,21.968155
2018-12-28,17.993021,21.259127,21.968155
2018-12-31,17.993021,21.259127,21.968155
2019-01-02,15.807745,20.72157,19.45109
2019-01-03,15.807745,20.72157,19.45109
2019-01-04,15.807745,20.72157,19.45109
2019-01-07,15.807745,20.72157,19.45109
2019-01-08,15.807745,20.72157,19.45109
2019-01-09,15.807745,20.72157,19.45109
2019-01-10,15.807745,20.72157,19.45109
2019-01-11,15.807745,20.72157,19.45109
2019-01-14,15.807745,20.72157,19.45109
2019-01-15,15.807745,20.72157,19.45109
2019-01-16,15.807745,20.72157,19.45109
2019-01-17,15.807745,20.72157,19.45109
2019-01-18,15.807745,20.72157,19.45109
2019-01-22,15.807745,20.72157,19.45109
2019-01-23,15.807745,20.72157,19.45109
2019-01-24,15.807745,20.72157,19.45109
2019-01-25,15.807745,20.72157,19.45109
2019-01-28,15.807745,20.72157,19.45109
2019-01-29,15.807745,20.72157,19.45109
2019-01-30,15.807745,20.72157,19.45109
2019-01-31,15.807745,20.72157,19.45109
2019-02-01,15.478007,21.514324,18.458715
2019-02-04,15.478007,21.514324,18.458715
2019-02-05,15.478007,21.514324,18.458715
2019-02-06,15.478007,21.514324,18.458715
2019-02-07,15.478007,21.514324,18.458715
2019-02-08,15.478007,21.514324,18.458715
2019-02-11,15.478007,21.514324,18.458715
2019-02-12,15.478007,21.514324,18.458715
2019-02-13,15.478007,21.514324,18.458715
2019-02-14,15.478007,21.514324,18.458715
2019-02-15,15.478007,21.514324,18.458715
2019-02-19,15.478007,21.514324,18.458715
2019-02-20,15.478007,21.514324,18.458715
2019-02-21,15.478007,21.514324,18.458715
2019-02-22,15.478007,21.514324,18.458715
2019-02-25,15.478007,21.514324,18.458715
2019-02-26,15.478007,21.514324,18.458715
2019-02-27,15.478007,21.514324,18.458715
2019-02-28,15.478007,21.514324,18.458715
2019-03-01,15.914781,22.564838,16.54726
2019-03-04,15.914781,22.564838,16.54726
2019-03-05,15.914781,22.564838,16.54726
2019-03-06,15.914781,22.564838,16.54726
2019-03-07,15.914781,22.564838,16.54726
2019-03-08,15.914781,22.564838,16.54726
2019-03-11,15.914781,22.564838,16.54726
2019-03-12,15.914781,22.564838,16.54726
2019-03-13,15.914781,22.564838,16.54726
2019-03-14,15.914781,22.564838,16.54726
2019-03-15,15.914781,22.564838,16.54726
2019-03-18,15.914781,22.564838,16.54726
2019-03-19,15.914781,22.564838,16.54726
2019-03-20,15.914781,22.564838,16.54726
2019-03-21,15.914781,22.564838,16.54726
2019-03-22,15.914781,22.564838,16.54726
2019-03-25,15.914781,22.564838,16.54726
2019-03-26,15.914781,22.564838,16.54726
2019-03-27,15.914781,22.564838,16.54726
2019-03-28,15.914781,22.564838,16.54726
2019-03-29,15.914781,22.564838,16.54726
2019-04-01,16.288332,23.241508,16.877821
2019-04-02,16.288332,23.241508,16.877821
2019-04-03,16.288332,23.241508,16.877821
2019-04-04,16.288332,23.241508,16.877821
2019-04-05,16.288332,23.241508,16.877821
2019-04-08,16.288332,23.241508,16.877821
2019-04-09,16.288332,23.241508,16.877821
2019-04-10,16.288332,23.241508,16.877821
2019-04-11,16.288332,23.241508,16.877821
2019-04-12,16.288332,23.241508,16.877821
2019-04-15,16.288332,23.241508,16.877821
2019-04-16,16.288332,23.241508,16.877821
2019-04-17,16.288332,23.241508,16.877821
2019-04-18,16.288332,23.241508,16.877821
2019-04-22,16.288332,23.241508,16.877821
2019-04-23,16.288332,23.241508,16.877821
2019-04-24,16.288332,23.241508,16.877821
2019-04-25,16.288332,23.241508,16.877821
2019-04-26,16.288332,23.241508,16.877821
2019-04-29,16.288332,23.241508,16.877821
2019-04-30,16.288332,23.241508,16.877821
2019-05-01,16.407648,20.784212,15.849313
2019-05-02,16.407648,20.784212,15.849313
2019-05-03,16.407648,20.784212,15.849313
2019-05-06,16.407648,20.784212,15.849313
2019-05-07,16.407648,20.784212,15.849313
2019-05-08,16.407648,20.784212,15.849313
2019-05-09,16.407648,20.784212,15.849313
2019-05-10,16.407648,20.784212,15.849313
2019-05-13,16.407648,20.784212,15.849313
2019-05-14,16.407648,20.784212,15.849313
2019-05-15,16.407648,20.784212,15.849313
2019-05-16,16.407648,20.784212,15.849313
2019-05-17,16.407648,20.784212,15.849313
2019-05-20,16.407648,20.784212,15.849313
2019-05-21,16.407648,20.784212,15.849313
2019-05-22,16.407648,20.784212,15.849313
2019-05-23,16.407648,20.784212,15.849313
2019-05-24,16.407648,20.784212,15.849313
2019-05-28,16.407648,20.784212,15.849313
2019-05-29,16.407648,20.784212,15.849313
2019-05-30,16.407648,20.784212,15.849313
2019-05-31,16.407648,20.784212,15.849313
2019-06-03,15.225063,20.582706,16.44019
2019-06-04,15.225063,20.582706,16.44019
2019-06-05,15.225063,20.582706,16.44019
2019-06-06,15.225063,20.582706,16.44019
2019-06-07,15.225063,20.582706,16.44019
2019-06-10,15.225063,20.582706,16.44019
2019-06-11,15.225063,20.582706,16.44019
2019-06-12,15.225063,20.582706,16.44019
2019-06-13,15.225063,20.582706,16.44019
2019-06-14,15.225063,20.582706,16.44019
2019-06-17,15.225063,20.582706,16.44019
2019-06-18,15.225063,20.582706,16.44019
2019-06-19,15.225063,20.582706,16.44019
2019-06-20,15.225063,20.582706,16.44019
2019-06-21,15.225063,20.582706,16.44019
2019-06-24,15.225063,20.582706,16.44019
2019-06-25,15.225063,20.582706,16.44019
2019-06-26,15.225063,20.582706,16.44019
2019-06-27,15.225063,20.582706,16.44019
2019-06-28,15.225063,20.582706,16.44019
2019-07-01,16.168867,19.684067,16.592617
2019-07-02,16.168867,19.684067,16.592617
2019-07-03,16.168867,19.684067,16.592617
2019-07-05,16.168867,19.684067,16.592617
2019-07-08,16.168867,19.684067,16.592617
2019-07-09,16.168867,19.684067,16.592617
2019-07-10,16.168867,19.684067,16.592617
2019-07-11,16.168867,19.684067,16.592617
2019-07-12,16.168867,19.684067,16.592617
2019-07-15,16.168867,19.684067,16.592617
2019-07-16,16.168867,19.684067,16.592617
2019-07-17,16.168867,19.684067,16.592617
2019-07-18,16.168867,19.684067,16.592617
2019-07-19,16.168867,19.684067,16.592617
2019-07-22,16.168867,19.684067,16.592617
2019-07-23,16.168867,19.684067,16.592617
2019-07-24,16.168867,19.684067,16.592617
2019-07-25,16.168867,19.684067,16.592617
2019-07-26,16.168867,19.684067,16.592617
2019-07-29,16.168867,19.684067,16.592617
2019-07-30,16.168867,19.684067,16.592617
2019-07-31,16.168867,19.684067,16.592617
2019-08-01,15.109925,19.168139,16.79265
2019-08-02,15.109925,19.168139,16.79265
2019-08-05,15.109925,19.168139,16.79265
2019-08-06,15.109925,19.168139,16.79265
2019-08-07,15.109925,19.168139,16.79265
2019-08-08,15.109925,19.168139,16.79265
2019-08-09,15.109925,19.168139,16.79265
2019-08-12,15.109925,19.168139,16.79265
2019-08-13,15.109925,19.168139,16.79265
2019-08-14,15.109925,19.168139,16.79265
2019-08-15,15.109925,19.168139,16.79265
2019-08-16,15.109925,19.168139,16.79265
2019-08-19,15.109925,19.168139,16.79265
2019-08-20,15.109925,19.168139,16.79265
2019-08-21,15.109925,19.168139,16.79265
2019-08-22,15.109925,19.168139,16.79265
2019-08-23,15.109925,19.168139,16.79265
2019-08-26,15.109925,19.168139,16.79265
2019-08-27,15.109925,19.168139,16.79265
2019-08-28,15.109925,19.168139,16.79265
2019-08-29,15.109925,19.168139,16.79265
2019-08-30,15.109925,19.168139,16.79265
2019-09-03,14.894226,19.734468,15.775978
2019-09-04,14.894226,19.734468,15.775978
2019-09-05,14.894226,19.734468,15.775978
2019-09-06,14.894226,19.734468,15.775978
2019-09-09,14.894226,19.734468,15.775978
2019-09-10,14.894226,19.734468,15.775978
2019-09-11,14.894226,19.734468,15.775978
2019-09-12,14.894226,19.734468,15.775978
2019-09-13,14.894226,19.734468,15.775978
2019-09-16,14.894226,19.734468,15.775978
2019-09-17,14.894226,19.734468,15.775978
2019-09-18,14.894226,19.734468,15.775978
2019-09-19,14.894226,19.734468,15.775978
2019-09-20,14.894226,19.734468,15.775978
2019-09-23,14.894226,19.734468,15.775978
2019-09-24,14.894226,19.734468,15.775978
2019-09-25,14.894226,19.734468,15.775978
2019-09-26,14.894226,19.734468,15.775978
2019-09-27,14.894226,19.734468,15.775978
2019-09-30,14.894226,19.734468,15.775978
2019-10-01,15.011557,19.514383,14.649426
2019-10-02,15.011557,19.514383,14.649426
2019-10-03,15.011557,19.514383,14.649426
2019-10-04,15.011557,19.514383,14.649426
2019-10-07,15.011557,19.514383,14.649426
2019-10-08,15.011557,19.514383,14.649426
2019-10-09,15.011557,19.514383,14.649426
2019-10-10,15.011557,19.514383,14.649426
2019-10-11,15.011557,19.514383,14.649426
2019-10-14,15.011557,19.514383,14.649426
2019-10-15,15.011557,19.514383,14.649426
2019-10-16,15.011557,19.514383,14.649426
2019-10-17,15.011557,19.514383,14.649426
2019-10-18,15.011557,19.514383,14.649426
2019-10-21,15.011557,19.514383,14.649426
2019-10-22,15.011557,19.514383,14.649426
2019-10-23,15.011557,19.514383,14.649426
2019-10-24,15.011557,19.514383,14.649426
2019-10-25,15.011557,19.514383,14.649426
2019-10-28,15.011557,19.514383,14.649426
2019-10-29,15.011557,19.514383,14.649426
2019-10-30,15.011557,19.514383,14.649426
2019-10-31,15.011557,19.514383,14.649426
2019-11-01,15.209118,19.687891,16.89201
2019-11-04,15.209118,19.687891,16.89201
2019-11-05,15.209118,19.687891,16.89201
2019-11-06,15.209118,19.687891,16.89201
2019-11-07,15.209118,19.687891,16.89201
2019-11-08,15.209118,19.687891,16.89201
2019-11-11,15.209118,19.687891,16.89201
2019-11-12,15.209118,19.687891,16.89201
2019-11-13,15.209118,19.687891,16.89201
2019-11-14,15.209118,19.687891,16.89201
2019-11-15,15.209118,19.687891,16.89201
2019-11-18,15.209118,19.687891,16.89201
2019-11-19,15.209118,19.687891,16.89201
2019-11-20,15.209118,19.687891,16.89201
2019-11-21,15.209118,19.687891,16.89201
2019-11-22,15.209118,19.687891,16.89201
2019-11-25,15.209118,19.687891,16.89201
2019-11-26,15.209118,19.687891,16.89201
2019-11-27,15.209118,19.687891,16.89201
2019-11-29,15.209118,19.687891,16.89201
2019-12-02,15.835265,20.197485,18.701008
2019-12-03,15.835265,20.197485,18.701008
2019-12-04,15.835265,20.197485,18.701008
2019-12-05,15.835265,20.197485,18.701008
2019-12-06,15.835265,20.197485,18.701008
2019-12-09,15.835265,20.197485,18.701008
2019-12-10,15.835265,20.197485,18.701008
2019-12-11,15.835265,20.197485,18.701008
2019-12-12,15.835265,20.197485,18.701008
2019-12-13,15.835265,20.197485,18.701008
2019-12-16,15.835265,20.197485,18.701008
2019-12-17,15.835265,20.197485,18.701008
2019-12-18,15.835265,20.197485,18.701008
2019-12-19,15.835265,20.197485,18.701008
2019-12-20,15.835265,20.197485,18.701008
2019-12-23,15.835265,20.197485,18.701008
2019-12-24,15.835265,20.197485,18.701008
2019-12-26,15.835265,20.197485,18.701008
2019-12-27,15.835265,20.197485,18.701008
2019-12-30,15.835265,20.197485,18.701008
2019-12-31,15.835265,20.197485,18.701008
2020-01-02,16.820646,22.596905,19.621346
2020-01-03,16.820646,22.596905,19.621346
2020-01-06,16.820646,22.596905,19.621346
2020-01-07,16.820646,22.596905,19.621346
2020-01-08,16.820646,22.596905,19.621346
2020-01-09,16.820646,22.596905,19.621346
2020-01-10,16.820646,22.596905,19.621346
2020-01-13,16.820646,22.596905,19.621346
2020-01-14,16.820646,22.596905,19.621346
2020-01-15,16.820646,22.596905,19.621346
2020-01-16,16.820646,22.596905,19.621346
2020-01-17,16.820646,22.596905,19.621346
2020-01-21,16.820646,22.596905,19.621346
2020-01-22,16.820646,22.596905,19.621346
2020-01-23,16.820646,22.596905,19.621346
2020-01-24,16.820646,22.596905,19.621346
2020-01-27,16.820646,22.596905,19.621346
2020-01-28,16.820646,22.596905,19.621346
2020-01-29,16.820646,22.596905,19.621346
2020-01-30,16.820646,22.596905,19.621346
2020-01-31,16.820646,22.596905,19.621346
2020-02-03,16.438189,20.570873,16.530361
2020-02-04,16.438189,20.570873,16.530361
2020-02-05,16.438189,20.570873,16.530361
2020-02-06,16.438189,20.570873,16.530361
2020-02-07,16.438189,20.570873,16.530361
2020-02-10,16.438189,20.570873,16.530361
2020-02-11,16.438189,20.570873,16.530361
2020-02-12,16.438189,20.570873,16.530361
2020-02-13,16.438189,20.570873,16.530361
2020-02-14,16.438189,20.570873,16.530361
2020-02-18,16.438189,20.570873,16.530361
2020-02-19,16.438189,20.570873,16.530361
2020-02-20,16.438189,20.570873,16.530361
2020-02-21,16.438189,20.570873,16.530361
2020-02-24,16.438189,20.570873,16.530361
2020-02-25,16.438189,20.570873,16.530361
2020-02-26,16.438189,20.570873,16.530361
2020-02-27,16.438189,20.570873,16.530361
2020-02-28,16.438189,20.570873,16.530361
2020-03-02,14.872963,18.588488,15.471654
2020-03-03,14.872963,18.588488,15.471654
2020-03-04,14.872963,18.588488,15.471654
2020-03-05,14.872963,18.588488,15.471654
2020-03-06,14.872963,18.588488,15.471654
2020-03-09,14.872963,18.588488,15.471654
2020-03-10,14.872963,18.588488,15.471654
2020-03-11,14.872963,18.588488,15.471654
2020-03-12,14.872963,18.588488,15.471654
2020-03-13,14.872963,18.588488,15.471654
2020-03-16,14.872963,18.588488,15.471654
2020-03-17,14.872963,18.588488,15.471654
2020-03-18,14.872963,18.588488,15.471654
2020-03-19,14.872963,18.588488,15.471654
2020-03-20,14.872963,18.588488,15.471654
2020-03-23,14.872963,18.588488,15.471654
2020-03-24,14.872963,18.588488,15.471654
2020-03-25,14.872963,18.588488,15.471654
2020-03-26,14.872963,18.588488,15.471654
2020-03-27,14.872963,18.588488,15.471654
2020-03-30,14.872963,18.588488,15.471654
2020-03-31,14.872963,18.588488,15.471654
2020-04-01,14.933913,20.442701,15.104815
2020-04-02,14.933913,20.442701,15.104815
2020-04-03,14.933913,20.442701,15.104815
2020-04-06,14.933913,20.442701,15.104815
2020-04-07,14.933913,20.442701,15.104815
2020-04-08,14.933913,20.442701,15.104815
2020-04-09,14.933913,20.442701,15.104815
2020-04-13,14.933913,20.442701,15.104815
2020-04-14,14.933913,20.442701,15.104815
2020-04-15,14.933913,20.442701,15.104815
2020-04-16,14.933913,20.442701,15.104815
2020-04-17,14.933913,20.442701,15.104815
2020-04-20,14.933913,20.442701,15.104815
2020-04-21,14.933913,20.442701,15.104815
2020-04-22,14.933913,20.442701,15.104815
2020-04-23,14.933913,20.442701,15.104815
2020-04-24,14.933913,20.442701,15.104815
2020-04-27,14.933913,20.442701,15.104815
2020-04-28,14.933913,20.442701,15.104815
2020-04-29,14.933913,20.442701,15.104815
2020-04-30,14.933913,20.442701,15.104815
2020-05-01,19.447733,22.760382,18.015837
2020-05-04,19.447733,22.760382,18.015837
2020-05-05,19.447733,22.760382,18.015837
2020-05-06,19.447733,22.760382,18.015837
2020-05-07,19.447733,22.760382,18.015837
2020-05-08,19.447733,22.760382,18.015837
2020-05-11,19.447733,22.760382,18.015837
2020-05-12,19.447733,22.760382,18.015837
2020-05-13,19.447733,22.760382,18.015837
2020-05-14,19.447733,22.760382,18.015837
2020-05-15,19.447733,22.760382,18.015837
2020-05-18,19.447733,22.760382,18.015837
2020-05-19,19.447733,22.760382,18.015837
2020-05-20,19.447733,22.760382,18.015837
2020-05-21,19.447733,22.760382,18.015837
2020-05-22,19.447733,22.760382,18.015837
2020-05-26,19.447733,22.760382,18.015837
2020-05-27,19.447733,22.760382,18.015837
2020-05-28,19.447733,22.760382,18.015837
2020-05-29,19.447733,22.760382,18.015837
2020-06-01,19.280527,22.485674,18.769358
2020-06-02,19.280527,22.485674,18.769358
2020-06-03,19.280527,22.485674,18.769358
2020-06-04,19.280527,22.485674,18.769358
2020-06-05,19.280527,22.485674,18.769358
2020-06-08,19.280527,22.485674,18.769358
2020-06-09,19.280527,22.485674,18.769358
2020-06-10,19.280527,22.485674,18.769358
2020-06-11,19.280527,22.485674,18.769358
2020-06-12,19.280527,22.485674,18.769358
2020-06-15,19.280527,22.485674,18.769358
2020-06-16,19.280527,22.485674,18.769358
2020-06-17,19.280527,22.485674,18.769358
2020-06-18,19.280527,22.485674,18.769358
2020-06-19,19.280527,22.485674,18.769358
2020-06-22,19.280527,22.485674,18.769358
2020-06-23,19.280527,22.485674,18.769358
2020-06-24,19.280527,22.485674,18.769358
2020-06-25,19.280527,22.485674,18.769358
2020-06-26,19.280527,22.485674,18.769358
2020-06-29,19.280527,22.485674,18.769358
2020-06-30,19.280527,22.485674,18.769358
2020-07-01,18.224102,24.102549,18.141226
2020-07-02,18.224102,24.102549,18.141226
2020-07-06,18.224102,24.102549,18.141226
2020-07-07,18.224102,24.102549,18.141226
2020-07-08,18.224102,24.102549,18.141226
2020-07-09,18.224102,24.102549,18.141226
2020-07-10,18.224102,24.102549,18.141226
2020-07-13,18.224102,24.102549,18.141226
2020-07-14,18.224102,24.102549,18.141226
2020-07-15,18.224102,24.102549,18.141226
2020-07-16,18.224102,24.102549,18.141226
2020-07-17,18.224102,24.102549,18.141226
2020-07-20,18.224102,24.102549,18.141226
2020-07-21,18.224102,24.102549,18.141226
2020-07-22,18.224102,24.102549,18.141226
2020-07-23,18.224102,24.102549,18.141226
2020-07-24,18.224102,24.102549,18.141226
2020-07-27,18.224102,24.102549,18.141226
2020-07-28,18.224102,24.102549,18.141226
2020-07-29,18.224102,24.102549,18.141226
2020-07-30,18.224102,24.102549,18.141226
2020-07-31,18.224102,24.102549,18.141226
2020-08-03,18.567957,21.056913,18.292479
2020-08-04,18.567957,21.056913,18.292479
2020-08-05,18.567957,21.056913,18.292479
2020-08-06,18.567957,21.056913,18.292479
2020-08-07,18.567957,21.056913,18.292479
2020-08-10,18.567957,21.056913,18.292479
2020-08-11,18.567957,21.056913,18.292479
2020-08-12,18.567957,21.056913,18.292479
2020-08-13,18.567957,21.056913,18.292479
2020-08-14,18.567957,21.056913,18.292479
2020-08-17,18.567957,21.056913,18.292479
2020-08-18,18.567957,21.056913,18.292479
2020-08-19,18.567957,21.056913,18.292479
2020-08-20,18.567957,21.056913,18.292479
2020-08-21,18.567957,21.056913,18.292479
2020-08-24,18.567957,21.056913,18.292479
2020-08-25,18.567957,21.056913,18.292479
2020-08-26,18.567957,21.056913,18.292479
2020-08-27,18.567957,21.056913,18.292479
2020-08-28,18.567957,21.056913,18.292479
2020-08-31,18.567957,21.056913,18.292479
2020-09-01,19.51449,20.481668,18.876398
2020-09-02,19.51449,20.481668,18.876398
2020-09-03,19.51449,20.481668,18.876398
2020-09-04,19.51449,20.481668,18.876398
2020-09-08,19.51449,20.481668,18.876398
2020-09-09,19.51449,20.481668,18.876398
2020-09-10,19.51449,20.481668,18.876398
2020-09-11,19.51449,20.481668,18.876398
2020-09-14,19.51449,20.481668,18.876398
2020-09-15,19.51449,20.481668,18.876398
2020-09-16,19.51449,20.481668,18.876398
2020-09-17,19.51449,20.481668,18.876398
2020-09-18,19.51449,20.481668,18.876398
2020-09-21,19.51449,20.481668,18.876398
2020-09-22,19.51449,20.481668,18.876398
2020-09-23,19.51449,20.481668,18.876398
2020-09-24,19.51449,20.481668,18.876398
2020-09-25,19.51449,20.481668,18.876398
2020-09-28,19.51449,20.481668,18.876398
2020-09-29,19.51449,20.481668,18.876398
2020-09-30,19.51449,20.481668,18.876398
2020-10-01,18.938253,20.285606,18.8255
2020-10-02,18.938253,20.285606,18.8255
2020-10-05,18.938253,20.285606,18.8255
2020-10-06,18.938253,20.285606,18.8255
2020-10-07,18.938253,20.285606,18.8255
2020-10-08,18.938253,20.285606,18.8255
2020-10-09,18.938253,20.285606,18.8255
2020-10-12,18.938253,20.285606,18.8255
2020-10-13,18.938253,20.285606,18.8255
2020-10-14,18.938253,20.285606,18.8255
2020-10-15,18.938253,20.285606,18.8255
2020-10-16,18.938253,20.285606,18.8255
2020-10-19,18.938253,20.285606,18.8255
2020-10-20,18.938253,20.285606,18.8255
2020-10-21,18.938253,20.285606,18.8255
2020-10-22,18.938253,20.285606,18.8255
2020-10-23,18.938253,20.285606,18.8255
2020-10-26,18.938253,20.285606,18.8255
2020-10-27,18.938253,20.285606,18.8255
2020-10-28,18.938253,20.285606,18.8255
2020-10-29,18.938253,20.285606,18.8255
2020-10-30,18.938253,20.285606,18.8255
2020-11-02,17.142223,18.004766,18.262087
2020-11-03,17.142223,18.004766,18.262087
2020-11-04,17.142223,18.004766,18.262087
2020-11-05,17.142223,18.004766,18.262087
2020-11-06,17.142223,18.004766,18.262087
2020-11-09,17.142223,18.004766,18.262087
2020-11-10,17.142223,18.004766,18.262087
2020-11-11,17.142223,18.004766,18.262087
2020-11-12,17.142223,18.004766,18.262087
2020-11-13,17.142223,18.004766,18.262087
2020-11-16,17.142223,18.004766,18.262087
2020-11-17,17.142223,18.004766,18.262087
2020-11-18,17.142223,18.004766,18.262087
2020-11-19,17.142223,18.004766,18.262087
2020-11-20,17.142223,18.004766,18.262087
2020-11-23,17.142223,18.004766,18.262087
2020-11-24,17.142223,18.004766,18.262087
2020-11-25,17.142223,18.004766,18.262087
2020-11-27,17.142223,18.004766,18.262087
2020-11-30,17.142223,18.004766,18.262087
2020-12-01,18.084198,20.356768,20.087833
2020-12-02,18.084198,20.356768,20.087833
2020-12-03,18.084198,20.356768,20.087833
2020-12-04,18.084198,20.356768,20.087833
2020-12-07,18.084198,20.356768,20.087833
2020-12-08,18.084198,20.356768,20.087833
2020-12-09,18.084198,20.356768,20.087833
2020-12-10,18.084198,20.356768,20.087833
2020-12-11,18.084198,20.356768,20.087833
2020-12-14,18.084198,20.356768,20.087833
2020-12-15,18.084198,20.356768,20.087833
2020-12-16,18.084198,20.356768,20.087833
2020-12-17,18.084198,20.356768,20.087833
2020-12-18,18.084198,20.356768,20.087833
2020-12-21,18.084198,20.356768,20.087833
2020-12-22,18.084198,20.356768,20.087833
2020-12-23,18.084198,20.356768,20.087833
2020-12-24,18.084198,20.356768,20.087833
2020-12-28,18.084198,20.356768,20.087833
2020-12-29,18.084198,20.356768,20.087833
2020-12-30,18.084198,20.356768,20.087833
2020-12-31,18.084198,20.356768,20.087833
2021-01-04,19.679369,22.93037,20.949171
2021-01-05,19.679369,22.93037,20.949171
2021-01-06,19.679369,22.93037,20.949171
2021-01-07,19.679369,22.93037,20.949171
2021-01-08,19.679369,22.93037,20.949171
2021-01-11,19.679369,22.93037,20.949171
2021-01-12,19.679369,22.93037,20.949171
2021-01-13,19.679369,22.93037,20.949171
2021-01-14,19.679369,22.93037,20.949171
2021-01-15,19.679369,22.93037,20.949171
2021-01-19,19.679369,22.93037,20.949171
2021-01-20,19.679369,22.93037,20.949171
2021-01-21,19.679369,22.93037,20.949171
2021-01-22,19.679369,22.93037,20.949171
2021-01-25,19.679369,22.93037,20.949171
2021-01-26,19.679369,22.93037,20.949171
2021-01-27,19.679369,22.93037,20.949171
2021-01-28,19.679369,22.93037,20.949171
2021-01-29,19.679369,22.93037,20.949171
2021-02-01,17.284258,25.268692,18.335764
2021-02-02,17.284258,25.268692,18.335764
2021-02-03,17.284258,25.268692,18.335764
2021-02-04,17.284258,25.268692,18.335764
2021-02-05,17.284258,25.268692,18.335764
2021-02-08,17.284258,25.268692,18.335764
2021-02-09,17.284258,25.268692,18.335764
2021-02-10,17.284258,25.268692,18.335764
2021-02-11,17.284258,25.268692,18.335764
2021-02-12,17.284258,25.268692,18.335764
2021-02-16,17.284258,25.268692,18.335764
2021-02-17,17.284258,25.268692,18.335764
2021-02-18,17.284258,25.268692,18.335764
2021-02-19,17.284258,25.268692,18.335764
2021-02-22,17.284258,25.268692,18.335764
2021-02-23,17.284258,25.268692,18.335764
2021-02-24,17.284258,25.268692,18.335764
2021-02-25,17.284258,25.268692,18.335764
2021-02-26,17.284258,25.268692,18.335764
2021-03-01,16.679003,24.766415,18.261011
2021-03-02,16.679003,24.766415,18.261011
2021-03-03,16.679003,24.766415,18.261011
2021-03-04,16.679003,24.766415,18.261011
2021-03-05,16.679003,24.766415,18.261011
2021-03-08,16.679003,24.766415,18.261011
2021-03-09,16.679003,24.766415,18.261011
2021-03-10,16.679003,24.766415,18.261011
2021-03-11,16.679003,24.766415,18.261011
2021-03-12,16.679003,24.766415,18.261011
2021-03-15,16.679003,24.766415,18.261011
2021-03-16,16.679003,24.766415,18.261011
2021-03-17,16.679003,24.766415,18.261011
2021-03-18,16.679003,24.766415,18.261011
2021-03-19,16.679003,24.766415,18.261011
2021-03-22,16.679003,24.766415,18.261011
2021-03-23,16.679003,24.766415,18.261011
2021-03-24,16.679003,24.766415,18.261011
2021-03-25,16.679003,24.766415,18.261011
2021-03-26,16.679003,24.766415,18.261011
2021-03-29,16.679003,24.766415,18.261011
2021-03-30,16.679003,24.766415,18.261011
2021-03-31,16.679003,24.766415,18.261011
2021-04-01,17.27964,22.52901,20.441557
2021-04-05,17.27964,22.52901,20.441557
2021-04-06,17.27964,22.52901,20.441557
2021-04-07,17.27964,22.52901,20.441557
2021-04-08,17.27964,22.52901,20.441557
2021-04-09,17.27964,22.52901,20.441557
2021-04-12,17.27964,22.52901,20.441557
2021-04-13,17.27964,22.52901,20.441557
2021-04-14,17.27964,22.52901,20.441557
2021-04-15,17.27964,22.52901,20.441557
2021-04-16,17.27964,22.52901,20.441557
2021-04-19,17.27964,22.52901,20.441557
2021-04-20,17.27964,22.52901,20.441557
2021-04-21,17.27964,22.52901,20.441557
2021-04-22,17.27964,22.52901,20.441557
2021-04-23,17.27964,22.52901,20.441557
2021-04-26,17.27964,22.52901,20.441557
2021-04-27,17.27964,22.52901,20.441557
2021-04-28,17.27964,22.52901,20.441557
2021-04-29,17.27964,22.52901,20.441557
2021-04-30,17.27964,22.52901,20.441557
2021-05-03,16.934694,22.866106,21.515125
2021-05-04,16.934694,22.866106,21.515125
2021-05-05,16.934694,22.866106,21.515125
2021-05-06,16.934694,22.866106,21.515125
2021-05-07,16.934694,22.866106,21.515125
2021-05-10,16.934694,22.866106,21.515125
2021-05-11,16.934694,22.866106,21.515125
2021-05-12,16.934694,22.866106,21.515125
2021-05-13,16.934694,22.866106,21.515125
2021-05-14,16.934694,22.866106,21.515125
2021-05-17,16.934694,22.866106,21.515125
2021-05-18,16.934694,22.866106,21.515125
2021-05-19,16.934694,22.866106,21.515125
2021-05-20,16.934694,22.866106,21.515125
2021-05-21,16.934694,22.866106,21.515125
2021-05-24,16.934694,22.866106,21.515125
2021-05-25,16.934694,22.866106,21.515125
2021-05-26,16.934694,22.866106,21.515125
2021-05-27,16.934694,22.866106,21.515125
2021-05-28,16.934694,22.866106,21.515125
2021-06-01,17.715443,25.178751,22.207546
2021-06-02,17.715443,25.178751,22.207546
2021-06-03,17.715443,25.178751,22.207546
2021-06-04,17.715443,25.178751,22.207546
2021-06-07,17.715443,25.178751,22.207546
2021-06-08,17.715443,25.178751,22.207546
2021-06-09,17.715443,25.178751,22.207546
2021-06-10,17.715443,25.178751,22.207546
2021-06-11,17.715443,25.178751,22.207546
2021-06-14,17.715443,25.178751,22.207546
2021-06-15,17.715443,25.178751,22.207546
2021-06-16,17.715443,25.178751,22.207546
2021-06-17,17.715443,25.178751,22.207546
2021-06-18,17.715443,25.178751,22.207546
2021-06-21,17.715443,25.178751,22.207546
2021-06-22,17.715443,25.178751,22.207546
2021-06-23,17.715443,25.178751,22.207546
2021-06-24,17.715443,25.178751,22.207546
2021-06-25,17.715443,25.178751,22.207546
2021-06-28,17.715443,25.178751,22.207546
2021-06-29,17.715443,25.178751,22.207546
2021-06-30,17.715443,25.178751,22.207546
2021-07-01,17.22801,29.014828,21.560883
2021-07-02,17.22801,29.014828,21.560883
2021-07-06,17.22801,29.014828,21.560883
2021-07-07,17.22801,29.014828,21.560883
2021-07-08,17.22801,29.014828,21.560883
2021-07-09,17.22801,29.014828,21.560883
2021-07-12,17.22801,29.014828,21.560883
2021-07-13,17.22801,29.014828,21.560883
2021-07-14,17.22801,29.014828,21.560883
2021-07-15,17.22801,29.014828,21.560883
2021-07-16,17.22801,29.014828,21.560883
2021-07-19,17.22801,29.014828,21.560883
2021-07-20,17.22801,29.014828,21.560883
2021-07-21,17.22801,29.014828,21.560883
2021-07-22,17.22801,29.014828,21.560883
2021-07-23,17.22801,29.014828,21.560883
2021-07-26,17.22801,29.014828,21.560883
2021-07-27,17.22801,29.014828,21.560883
2021-07-28,17.22801,29.014828,21.560883
2021-07-29,17.22801,29.014828,21.560883
2021-07-30,17.22801,29.014828,21.560883
2021-08-02,17.71593,30.86113,21.990288
2021-08-03,17.71593,30.86113,21.990288
2021-08-04,17.71593,30.86113,21.990288
2021-08-05,17.71593,30.86113,21.990288
2021-08-06,17.71593,30.86113,21.990288
2021-08-09,17.71593,30.86113,21.990288
2021-08-10,17.71593,30.86113,21.990288
2021-08-11,17.71593,30.86113,21.990288
2021-08-12,17.71593,30.86113,21.990288
2021-08-13,17.71593,30.86113,21.990288
2021-08-16,17.71593,30.86113,21.990288
2021-08-17,17.71593,30.86113,21.990288
2021-08-18,17.71593,30.86113,21.990288
2021-08-19,17.71593,30.86113,21.990288
2021-08-20,17.71593,30.86113,21.990288
2021-08-23,17.71593,30.86113,21.990288
2021-08-24,17.71593,30.86113,21.990288
2021-08-25,17.71593,30.86113,21.990288
2021-08-26,17.71593,30.86113,21.990288
2021-08-27,17.71593,30.86113,21.990288
2021-08-30,17.71593,30.86113,21.990288
2021-08-31,17.71593,30.86113,21.990288
2021-09-01,17.8162,32.722603,22.215824
2021-09-02,17.8162,32.722603,22.215824
2021-09-03,17.8162,32.722603,22.215824
2021-09-07,17.8162,32.722603,22.215824
2021-09-08,17.8162,32.722603,22.215824
2021-09-09,17.8162,32.722603,22.215824
2021-09-10,17.8162,32.722603,22.215824
2021-09-13,17.8162,32.722603,22.215824
2021-09-14,17.8162,32.722603,22.215824
2021-09-15,17.8162,32.722603,22.215824
2021-09-16,17.8162,32.722603,22.215824
2021-09-17,17.8162,32.722603,22.215824
2021-09-20,17.8162,32.722603,22.215824
2021-09-21,17.8162,32.722603,22.215824
2021-09-22,17.8162,32.722603,22.215824
2021-09-23,17.8162,32.722603,22.215824
2021-09-24,17.8162,32.722603,22.215824
2021-09-27,17.8162,32.722603,22.215824
2021-09-28,17.8162,32.722603,22.215824
2021-09-29,17.8162,32.722603,22.215824
2021-09-30,17.8162,32.722603,22.215824
2021-10-01,16.619675,29.256495,20.840677
2021-10-04,16.619675,29.256495,20.840677
2021-10-05,16.619675,29.256495,20.840677
2021-10-06,16.619675,29.256495,20.840677
2021-10-07,16.619675,29.256495,20.840677
2021-10-08,16.619675,29.256495,20.840677
2021-10-11,16.619675,29.256495,20.840677
2021-10-12,16.619675,29.256495,20.840677
2021-10-13,16.619675,29.256495,20.840677
2021-10-14,16.619675,29.256495,20.840677
2021-10-15,16.619675,29.256495,20.840677
2021-10-18,16.619675,29.256495,20.840677
2021-10-19,16.619675,29.256495,20.840677
2021-10-20,16.619675,29.256495,20.840677
2021-10-21,16.619675,29.256495,20.840677
2021-10-22,16.619675,29.256495,20.840677
2021-10-25,16.619675,29.256495,20.840677
2021-10-26,16.619675,29.256495,20.840677
2021-10-27,16.619675,29.256495,20.840677
2021-10-28,16.619675,29.256495,20.840677
2021-10-29,16.619675,29.256495,20.840677
2021-11-01,16.553818,32.036987,24.437431
2021-11-02,16.553818,32.036987,24.437431
2021-11-03,16.553818,32.036987,24.437431
2021-11-04,16.553818,32.036987,24.437431
2021-11-05,16.553818,32.036987,24.437431
2021-11-08,16.553818,32.036987,24.437431
2021-11-09,16.553818,32.036987,24.437431
2021-11-10,16.553818,32.036987,24.437431
2021-11-11,16.553818,32.036987,24.437431
2021-11-12,16.553818,32.036987,24.437431
2021-11-15,16.553818,32.036987,24.437431
2021-11-16,16.553818,32.036987,24.437431
2021-11-17,16.553818,32.036987,24.437431
2021-11-18,16.553818,32.036987,24.437431
2021-11-19,16.553818,32.036987,24.437431
2021-11-22,16.553818,32.036987,24.437431
2021-11-23,16.553818,32.036987,24.437431
2021-11-24,16.553818,32.036987,24.437431
2021-11-26,16.553818,32.036987,24.437431
2021-11-29,16.553818,32.036987,24.437431
2021-11-30,16.553818,32.036987,24.437431
2021-12-01,15.843243,31.22103,23.57884
2021-12-02,15.843243,31.22103,23.57884
2021-12-03,15.843243,31.22103,23.57884
2021-12-06,15.843243,31.22103,23.57884
2021-12-07,15.843243,31.22103,23.57884
2021-12-08,15.843243,31.22103,23.57884
2021-12-09,15.843243,31.22103,23.57884
2021-12-10,15.843243,31.22103,23.57884
2021-12-13,15.843243,31.22103,23.57884
2021-12-14,15.843243,31.22103,23.57884
2021-12-15,15.843243,31.22103,23.57884
2021-12-16,15.843243,31.22103,23.57884
2021-12-17,15.843243,31.22103,23.57884
2021-12-20,15.843243,31.22103,23.57884
2021-12-21,15.843243,31.22103,23.57884
2021-12-22,15.843243,31.22103,23.57884
2021-12-23,15.843243,31.22103,23.57884
2021-12-27,15.843243,31.22103,23.57884
2021-12-28,15.843243,31.22103,23.57884
2021-12-29,15.843243,31.22103,23.57884
2021-12-30,15.843243,31.22103,23.57884
2021-12-31,15.843243,31.22103,23.57884
2022-01-03,17.39834,34.062653,26.65004
2022-01-04,17.39834,34.062653,26.65004
2022-01-05,17.39834,34.062653,26.65004
2022-01-06,17.39834,34.062653,26.65004
2022-01-07,17.39834,34.062653,26.65004
2022-01-10,17.39834,34.062653,26.65004
2022-01-11,17.39834,34.062653,26.65004
2022-01-12,17.39834,34.062653,26.65004
2022-01-13,17.39834,34.062653,26.65004
2022-01-14,17.39834,34.062653,26.65004
2022-01-18,17.39834,34.062653,26.65004
2022-01-19,17.39834,34.062653,26.65004
2022-01-20,17.39834,34.062653,26.65004
2022-01-21,17.39834,34.062653,26.65004
2022-01-24,17.39834,34.062653,26.65004
2022-01-25,17.39834,34.062653,26.65004
2022-01-26,17.39834,34.062653,26.65004
2022-01-27,17.39834,34.062653,26.65004
2022-01-28,17.39834,34.062653,26.65004
2022-01-31,17.39834,34.062653,26.65004
2022-02-01,16.402075,30.177116,21.842184
2022-02-02,16.402075,30.177116,21.842184
2022-02-03,16.402075,30.177116,21.842184
2022-02-04,16.402075,30.177116,21.842184
2022-02-07,16.402075,30.177116,21.842184
2022-02-08,16.402075,30.177116,21.842184
2022-02-09,16.402075,30.177116,21.842184
2022-02-10,16.402075,30.177116,21.842184
2022-02-11,16.402075,30.177116,21.842184
2022-02-14,16.402075,30.177116,21.842184
2022-02-15,16.402075,30.177116,21.842184
2022-02-16,16.402075,30.177116,21.842184
2022-02-17,16.402075,30.177116,21.842184
2022-02-18,16.402075,30.177116,21.842184
2022-02-22,16.402075,30.177116,21.842184
2022-02-23,16.402075,30.177116,21.842184
2022-02-24,16.402075,30.177116,21.842184
2022-02-25,16.402075,30.177116,21.842184
2022-02-28,16.402075,30.177116,21.842184
2022-03-01,15.666693,29.141357,21.99659
2022-03-02,15.666693,29.141357,21.99659
2022-03-03,15.666693,29.141357,21.99659
2022-03-04,15.666693,29.141357,21.99659
2022-03-07,15.666693,29.141357,21.99659
2022-03-08,15.666693,29.141357,21.99659
2022-03-09,15.666693,29.141357,21.99659
2022-03-10,15.666693,29.141357,21.99659
2022-03-11,15.666693,29.141357,21.99659
2022-03-14,15.666693,29.141357,21.99659
2022-03-15,15.666693,29.141357,21.99659
2022-03-16,15.666693,29.141357,21.99659
2022-03-17,15.666693,29.141357,21.99659
2022-03-18,15.666693,29.141357,21.99659
2022-03-21,15.666693,29.141357,21.99659
2022-03-22,15.666693,29.141357,21.99659
2022-03-23,15.666693,29.141357,21.99659
2022-03-24,15.666693,29.141357,21.99659
2022-03-25,15.666693,29.141357,21.99659
2022-03-28,15.666693,29.141357,21.99659
2022-03-29,15.666693,29.141357,21.99659
2022-03-30,15.666693,29.141357,21.99659
2022-03-31,15.666693,29.141357,21.99659
2022-04-01,16.855728,33.14122,23.582642
2022-04-04,16.855728,33.14122,23.582642
2022-04-05,16.855728,33.14122,23.582642
2022-04-06,16.855728,33.14122,23.582642
2022-04-07,16.855728,33.14122,23.582642
2022-04-08,16.855728,33.14122,23.582642
2022-04-11,16.855728,33.14122,23.582642
2022-04-12,16.855728,33.14122,23.582642
2022-04-13,16.855728,33.14122,23.582642
2022-04-14,16.855728,33.14122,23.582642
2022-04-18,16.855728,33.14122,23.582642
2022-04-19,16.855728,33.14122,23.582642
2022-04-20,16.855728,33.14122,23.582642
2022-04-21,16.855728,33.14122,23.582642
2022-04-22,16.855728,33.14122,23.582642
2022-04-25,16.855728,33.14122,23.582642
2022-04-26,16.855728,33.14122,23.582642
2022-04-27,16.855728,33.14122,23.582642
2022-04-28,16.855728,33.14122,23.582642
2022-04-29,16.855728,33.14122,23.582642
2022-05-02,17.59362,34.67924,23.451355
2022-05-03,17.59362,34.67924,23.451355
2022-05-04,17.59362,34.67924,23.451355
2022-05-05,17.59362,34.67924,23.451355
2022-05-06,17.59362,34.67924,23.451355
2022-05-09,17.59362,34.67924,23.451355
2022-05-10,17.59362,34.67924,23.451355
2022-05-11,17.59362,34.67924,23.451355
2022-05-12,17.59362,34.67924,23.451355
2022-05-13,17.59362,34.67924,23.451355
2022-05-16,17.59362,34.67924,23.451355
2022-05-17,17.59362,34.67924,23.451355
2022-05-18,17.59362,34.67924,23.451355
2022-05-19,17.59362,34.67924,23.451355
2022-05-20,17.59362,34.67924,23.451355
2022-05-23,17.59362,34.67924,23.451355
2022-05-24,17.59362,34.67924,23.451355
2022-05-25,17.59362,34.67924,23.451355
2022-05-26,17.59362,34.67924,23.451355
2022-05-27,17.59362,34.67924,23.451355
2022-05-31,17.59362,34.67924,23.451355
2022-06-01,17.470257,37.341457,22.905745
2022-06-02,17.470257,37.341457,22.905745
2022-06-03,17.470257,37.341457,22.905745
2022-06-06,17.470257,37.341457,22.905745
2022-06-07,17.470257,37.341457,22.905745
2022-06-08,17.470257,37.341457,22.905745
2022-06-09,17.470257,37.341457,22.905745
2022-06-10,17.470257,37.341457,22.905745
2022-06-13,17.470257,37.341457,22.905745
2022-06-14,17.470257,37.341457,22.905745
2022-06-15,17.470257,37.341457,22.905745
2022-06-16,17.470257,37.341457,22.905745
2022-06-17,17.470257,37.341457,22.905745
2022-06-21,17.470257,37.341457,22.905745
2022-06-22,17.470257,37.341457,22.905745
2022-06-23,17.470257,37.341457,22.905745
2022-06-24,17.470257,37.341457,22.905745
2022-06-27,17.470257,37.341457,22.905745
2022-06-28,17.470257,37.341457,22.905745
2022-06-29,17.470257,37.341457,22.905745
2022-06-30,17.470257,37.341457,22.905745
2022-07-01,17.29213,38.72111,23.675598
2022-07-05,17.29213,38.72111,23.675598
2022-07-06,17.29213,38.72111,23.675598
2022-07-07,17.29213,38.72111,23.675598
2022-07-08,17.29213,38.72111,23.675598
2022-07-11,17.29213,38.72111,23.675598
2022-07-12,17.29213,38.72111,23.675598
2022-07-13,17.29213,38.72111,23.675598
2022-07-14,17.29213,38.72111,23.675598
2022-07-15,17.29213,38.72111,23.675598
2022-07-18,17.29213,38.72111,23.675598
2022-07-19,17.29213,38.72111,23.675598
2022-07-20,17.29213,38.72111,23.675598
2022-07-21,17.29213,38.72111,23.675598
2022-07-22,17.29213,38.72111,23.675598
2022-07-25,17.29213,38.72111,23.675598
2022-07-26,17.29213,38.72111,23.675598
2022-07-27,17.29213,38.72111,23.675598
2022-07-28,17.29213,38.72111,23.675598
2022-07-29,17.29213,38.72111,23.675598
2022-08-01,17.280308,39.377625,24.808147
2022-08-02,17.280308,39.377625,24.808147
2022-08-03,17.280308,39.377625,24.808147
2022-08-04,17.280308,39.377625,24.808147
2022-08-05,17.280308,39.377625,24.808147
2022-08-08,17.280308,39.377625,24.808147
2022-08-09,17.280308,39.377625,24.808147
2022-08-10,17.280308,39.377625,24.808147
2022-08-11,17.280308,39.377625,24.808147
2022-08-12,17.280308,39.377625,24.808147
2022-08-15,17.280308,39.377625,24.808147
2022-08-16,17.280308,39.377625,24.808147
2022-08-17,17.280308,39.377625,24.808147
2022-08-18,17.280308,39.377625,24.808147
2022-08-19,17.280308,39.377625,24.808147
2022-08-22,17.280308,39.377625,24.808147
2022-08-23,17.280308,39.377625,24.808147
2022-08-24,17.280308,39.377625,24.808147
2022-08-25,17.280308,39.377625,24.808147
2022-08-26,17.280308,39.377625,24.808147
2022-08-29,17.280308,39.377625,24.808147
2022-08-30,17.280308,39.377625,24.808147
2022-08-31,17.280308,39.377625,24.808147
2022-09-01,15.974335,37.575947,23.744944
2022-09-02,15.974335,37.575947,23.744944
2022-09-06,15.974335,37.575947,23.744944
2022-09-07,15.974335,37.575947,23.744944
2022-09-08,15.974335,37.575947,23.744944
2022-09-09,15.974335,37.575947,23.744944
2022-09-12,15.974335,37.575947,23.744944
2022-09-13,15.974335,37.575947,23.744944
2022-09-14,15.974335,37.575947,23.744944
2022-09-15,15.974335,37.575947,23.744944
2022-09-16,15.974335,37.575947,23.744944
2022-09-19,15.974335,37.575947,23.744944
2022-09-20,15.974335,37.575947,23.744944
2022-09-21,15.974335,37.575947,23.744944
2022-09-22,15.974335,37.575947,23.744944
2022-09-23,15.974335,37.575947,23.744944
2022-09-26,15.974335,37.575947,23.744944
2022-09-27,15.974335,37.575947,23.744944
2022-09-28,15.974335,37.575947,23.744944
2022-09-29,15.974335,37.575947,23.744944
2022-09-30,15.974335,37.575947,23.744944
2022-10-03,16.18384,40.353874,23.096464
2022-10-04,16.18384,40.353874,23.096464
2022-10-05,16.18384,40.353874,23.096464
2022-10-06,16.18384,40.353874,23.096464
2022-10-07,16.18384,40.353874,23.096464
2022-10-10,16.18384,40.353874,23.096464
2022-10-11,16.18384,40.353874,23.096464
2022-10-12,16.18384,40.353874,23.096464
2022-10-13,16.18384,40.353874,23.096464
2022-10-14,16.18384,40.353874,23.096464
2022-10-17,16.18384,40.353874,23.096464
2022-10-18,16.18384,40.353874,23.096464
2022-10-19,16.18384,40.353874,23.096464
2022-10-20,16.18384,40.353874,23.096464
2022-10-21,16.18384,40.353874,23.096464
2022-10-24,16.18384,40.353874,23.096464
2022-10-25,16.18384,40.353874,23.096464
2022-10-26,16.18384,40.353874,23.096464
2022-10-27,16.18384,40.353874,23.096464
2022-10-28,16.18384,40.353874,23.096464
2022-10-31,16.18384,40.353874,23.096464
2022-11-01,17.32046,45.555653,25.232561
2022-11-02,17.32046,45.555653,25.232561
2022-11-03,17.32046,45.555653,25.232561
2022-11-04,17.32046,45.555653,25.232561
2022-11-07,17.32046,45.555653,25.232561
2022-11-08,17.32046,45.555653,25.232561
2022-11-09,17.32046,45.555653,25.232561
2022-11-10,17.32046,45.555653,25.232561
2022-11-11,17.32046,45.555653,25.232561
2022-11-14,17.32046,45.555653,25.232561
2022-11-15,17.32046,45.555653,25.232561
2022-11-16,17.32046,45.555653,25.232561
2022-11-17,17.32046,45.555653,25.232561
2022-11-18,17.32046,45.555653,25.232561
2022-11-21,17.32046,45.555653,25.232561
2022-11-22,17.32046,45.555653,25.232561
2022-11-23,17.32046,45.555653,25.232561
2022-11-25,17.32046,45.555653,25.232561
2022-11-28,17.32046,45.555653,25.232561
2022-11-29,17.32046,45.555653,25.232561
2022-11-30,17.32046,45.555653,25.232561
2022-12-01,17.71337,47.58001,24.87512
2022-12-02,17.71337,47.58001,24.87512
2022-12-05,17.71337,47.58001,24.87512
2022-12-06,17.71337,47.58001,24.87512
2022-12-07,17.71337,47.58001,24.87512
2022-12-08,17.71337,47.58001,24.87512
2022-12-09,17.71337,47.58001,24.87512
2022-12-12,17.71337,47.58001,24.87512
2022-12-13,17.71337,47.58001,24.87512
2022-12-14,17.71337,47.58001,24.87512
2022-12-15,17.71337,47.58001,24.87512
2022-12-16,17.71337,47.58001,24.87512
2022-12-19,17.71337,47.58001,24.87512
2022-12-20,17.71337,47.58001,24.87512
2022-12-21,17.71337,47.58001,24.87512
2022-12-22,17.71337,47.58001,24.87512
2022-12-23,17.71337,47.58001,24.87512
2022-12-27,17.71337,47.58001,24.87512
2022-12-28,17.71337,47.58001,24.87512
2022-12-29,17.71337,47.58001,24.87512
2022-12-30,17.71337,47.58001,24.87512
2023-01-03,17.581459,47.033375,24.071478
2023-01-04,17.581459,47.033375,24.071478
2023-01-05,17.581459,47.033375,24.071478
2023-01-06,17.581459,47.033375,24.071478
2023-01-09,17.581459,47.033375,24.071478
2023-01-10,17.581459,47.033375,24.071478
2023-01-11,17.581459,47.033375,24.071478
2023-01-12,17.581459,47.033375,24.071478
2023-01-13,17.581459,47.033375,24.071478
2023-01-17,17.581459,47.033375,24.071478
2023-01-18,17.581459,47.033375,24.071478
2023-01-19,17.581459,47.033375,24.071478
2023-01-20,17.581459,47.033375,24.071478
2023-01-23,17.581459,47.033375,24.071478
2023-01-24,17.581459,47.033375,24.071478
2023-01-25,17.581459,47.033375,24.071478
2023-01-26,17.581459,47.033375,24.071478
2023-01-27,17.581459,47.033375,24.071478
2023-01-30,17.581459,47.033375,24.071478
2023-01-31,17.581459,47.033375,24.071478
2023-02-01,15.553987,45.067165,20.028353
2023-02-02,15.553987,45.067165,20.028353
2023-02-03,15.553987,45.067165,20.028353
2023-02-06,15.553987,45.067165,20.028353
2023-02-07,15.553987,45.067165,20.028353
2023-02-08,15.553987,45.067165,20.028353
2023-02-09,15.553987,45.067165,20.028353
2023-02-10,15.553987,45.067165,20.028353
2023-02-13,15.553987,45.067165,20.028353
2023-02-14,15.553987,45.067165,20.028353
2023-02-15,15.553987,45.067165,20.028353
2023-02-16,15.553987,45.067165,20.028353
2023-02-17,15.553987,45.067165,20.028353
2023-02-21,15.553987,45.067165,20.028353
2023-02-22,15.553987,45.067165,20.028353
2023-02-23,15.553987,45.067165,20.028353
2023-02-24,15.553987,45.067165,20.028353
2023-02-27,15.553987,45.067165,20.028353
2023-02-28,15.553987,45.067165,20.028353
2023-03-01,14.5803795,36.716187,19.095524
2023-03-02,14.5803795,36.716187,19.095524
2023-03-03,14.5803795,36.716187,19.095524
2023-03-06,14.5803795,36.716187,19.095524
2023-03-07,14.5803795,36.716187,19.095524
2023-03-08,14.5803795,36.716187,19.095524
2023-03-09,14.5803795,36.716187,19.095524
2023-03-10,14.5803795,36.716187,19.095524
2023-03-13,14.5803795,36.716187,19.095524
2023-03-14,14.5803795,36.716187,19.095524
2023-03-15,14.5803795,36.716187,19.095524
2023-03-16,14.5803795,36.716187,19.095524
2023-03-17,14.5803795,36.716187,19.095524
2023-03-20,14.5803795,36.716187,19.095524
2023-03-21,14.5803795,36.716187,19.095524
2023-03-22,14.5803795,36.716187,19.095524
2023-03-23,14.5803795,36.716187,19.095524
2023-03-24,14.5803795,36.716187,19.095524
2023-03-27,14.5803795,36.716187,19.095524
2023-03-28,14.5803795,36.716187,19.095524
2023-03-29,14.5803795,36.716187,19.095524
2023-03-30,14.5803795,36.716187,19.095524
2023-03-31,14.5803795,36.716187,19.095524
2023-04-03,14.743424,40.540184,18.957914
2023-04-04,14.743424,40.540184,18.957914
2023-04-05,14.743424,40.540184,18.957914
2023-04-06,14.743424,40.540184,18.957914
2023-04-10,14.743424,40.540184,18.957914
2023-04-11,14.743424,40.540184,18.957914
2023-04-12,14.743424,40.540184,18.957914
2023-04-13,14.743424,40.540184,18.957914
2023-04-14,14.743424,40.540184,18.957914
2023-04-17,14.743424,40.540184,18.957914
2023-04-18,14.743424,40.540184,18.957914
2023-04-19,14.743424,40.540184,18.957914
2023-04-20,14.743424,40.540184,18.957914
2023-04-21,14.743424,40.540184,18.957914
2023-04-24,14.743424,40.540184,18.957914
2023-04-25,14.743424,40.540184,18.957914
2023-04-26,14.743424,40.540184,18.957914
2023-04-27,14.743424,40.540184,18.957914
2023-04-28,14.743424,40.540184,18.957914
2023-05-01,15.3868065,45.98109,19.699953
2023-05-02,15.3868065,45.98109,19.699953
2023-05-03,15.3868065,45.98109,19.699953
2023-05-04,15.3868065,45.98109,19.699953
2023-05-05,15.3868065,45.98109,19.699953
2023-05-08,15.3868065,45.98109,19.699953
2023-05-09,15.3868065,45.98109,19.699953
2023-05-10,15.3868065,45.98109,19.699953
2023-05-11,15.3868065,45.98109,19.699953
2023-05-12,15.3868065,45.98109,19.699953
2023-05-15,15.3868065,45.98109,19.699953
2023-05-16,15.3868065,45.98109,19.699953
2023-05-17,15.3868065,45.98109,19.699953
2023-05-18,15.3868065,45.98109,19.699953
2023-05-19,15.3868065,45.98109,19.699953
2023-05-22,15.3868065,45.98109,19.699953
2023-05-23,15.3868065,45.98109,19.699953
2023-05-24,15.3868065,45.98109,19.699953
2023-05-25,15.3868065,45.98109,19.699953
2023-05-26,15.3868065,45.98109,19.699953
2023-05-30,15.3868065,45.98109,19.699953
2023-05-31,15.3868065,45.98109,19.699953
2023-06-01,14.561726,49.464237,19.506493
2023-06-02,14.561726,49.464237,19.506493
2023-06-05,14.561726,49.464237,19.506493
2023-06-06,14.561726,49.464237,19.506493
2023-06-07,14.561726,49.464237,19.506493
2023-06-08,14.561726,49.464237,19.506493
2023-06-09,14.561726,49.464237,19.506493
2023-06-12,14.561726,49.464237,19.506493
2023-06-13,14.561726,49.464237,19.506493
2023-06-14,14.561726,49.464237,19.506493
2023-06-15,14.561726,49.464237,19.506493
2023-06-16,14.561726,49.464237,19.506493
2023-06-20,14.561726,49.464237,19.506493
2023-06-21,14.561726,49.464237,19.506493
2023-06-22,14.561726,49.464237,19.506493
2023-06-23,14.561726,49.464237,19.506493
2023-06-26,14.561726,49.464237,19.506493
2023-06-27,14.561726,49.464237,19.506493
2023-06-28,14.561726,49.464237,19.506493
2023-06-29,14.561726,49.464237,19.506493
2023-06-30,14.561726,49.464237,19.506493
2023-07-03,15.533386,53.980003,19.301912
2023-07-05,15.533386,53.980003,19.301912
2023-07-06,15.533386,53.980003,19.301912
2023-07-07,15.533386,53.980003,19.301912
2023-07-10,15.533386,53.980003,19.301912
2023-07-11,15.533386,53.980003,19.301912
2023-07-12,15.533386,53.980003,19.301912
2023-07-13,15.533386,53.980003,19.301912
2023-07-14,15.533386,53.980003,19.301912
2023-07-17,15.533386,53.980003,19.301912
2023-07-18,15.533386,53.980003,19.301912
2023-07-19,15.533386,53.980003,19.301912
2023-07-20,15.533386,53.980003,19.301912
2023-07-21,15.533386,53.980003,19.301912
2023-07-24,15.533386,53.980003,19.301912
2023-07-25,15.533386,53.980003,19.301912
2023-07-26,15.533386,53.980003,19.301912
2023-07-27,15.533386,53.980003,19.301912
2023-07-28,15.533386,53.980003,19.301912
2023-07-31,15.533386,53.980003,19.301912
2023-08-01,15.580589,52.079533,20.382366
2023-08-02,15.580589,52.079533,20.382366
2023-08-03,15.580589,52.079533,20.382366
2023-08-04,15.580589,52.079533,20.382366
2023-08-07,15.580589,52.079533,20.382366
2023-08-08,15.580589,52.079533,20.382366
2023-08-09,15.580589,52.079533,20.382366
2023-08-10,15.580589,52.079533,20.382366
2023-08-11,15.580589,52.079533,20.382366
2023-08-14,15.580589,52.079533,20.382366
2023-08-15,15.580589,52.079533,20.382366
2023-08-16,15.580589,52.079533,20.382366
2023-08-17,15.580589,52.079533,20.382366
2023-08-18,15.580589,52.079533,20.382366
2023-08-21,15.580589,52.079533,20.382366
2023-08-22,15.580589,52.079533,20.382366
2023-08-23,15.580589,52.079533,20.382366
2023-08-24,15.580589,52.079533,20.382366
2023-08-25,15.580589,52.079533,20.382366
2023-08-28,15.580589,52.079533,20.382366
2023-08-29,15.580589,52.079533,20.382366
2023-08-30,15.580589,52.079533,20.382366
2023-08-31,15.580589,52.079533,20.382366
2023-09-01,15.692082,57.681152,19.194162
2023-09-05,15.692082,57.681152,19.194162
2023-09-06,15.692082,57.681152,19.194162
2023-09-07,15.692082,57.681152,19.194162
2023-09-08,15.692082,57.681152,19.194162
2023-09-11,15.692082,57.681152,19.194162
2023-09-12,15.692082,57.681152,19.194162
2023-09-13,15.692082,57.681152,19.194162
2023-09-14,15.692082,57.681152,19.194162
2023-09-15,15.692082,57.681152,19.194162
2023-09-18,15.692082,57.681152,19.194162
2023-09-19,15.692082,57.681152,19.194162
2023-09-20,15.692082,57.681152,19.194162
2023-09-21,15.692082,57.681152,19.194162
2023-09-22,15.692082,57.681152,19.194162
2023-09-25,15.692082,57.681152,19.194162
2023-09-26,15.692082,57.681152,19.194162
2023-09-27,15.692082,57.681152,19.194162
2023-09-28,15.692082,57.681152,19.194162
2023-09-29,15.692082,57.681152,19.194162
2023-10-02,15.529734,55.12988,20.303522
2023-10-03,15.529734,55.12988,20.303522
2023-10-04,15.529734,55.12988,20.303522
2023-10-05,15.529734,55.12988,20.303522
2023-10-06,15.529734,55.12988,20.303522
2023-10-09,15.529734,55.12988,20.303522
2023-10-10,15.529734,55.12988,20.303522
2023-10-11,15.529734,55.12988,20.303522
2023-10-12,15.529734,55.12988,20.303522
2023-10-13,15.529734,55.12988,20.303522
2023-10-16,15.529734,55.12988,20.303522
2023-10-17,15.529734,55.12988,20.303522
2023-10-18,15.529734,55.12988,20.303522
2023-10-19,15.529734,55.12988,20.303522
2023-10-20,15.529734,55.12988,20.303522
2023-10-23,15.529734,55.12988,20.303522
2023-10-24,15.529734,55.12988,20.303522
2023-10-25,15.529734,55.12988,20.303522
2023-10-26,15.529734,55.12988,20.303522
2023-10-27,15.529734,55.12988,20.303522
2023-10-30,15.529734,55.12988,20.303522
2023-10-31,15.529734,55.12988,20.303522
2023-11-01,14.707097,82.98815,21.466125
2023-11-02,14.707097,82.98815,21.466125
2023-11-03,14.707097,82.98815,21.466125
2023-11-06,14.707097,82.98815,21.466125
2023-11-07,14.707097,82.98815,21.466125
2023-11-08,14.707097,82.98815,21.466125
2023-11-09,14.707097,82.98815,21.466125
2023-11-10,14.707097,82.98815,21.466125
2023-11-13,14.707097,82.98815,21.466125
2023-11-14,14.707097,82.98815,21.466125
2023-11-15,14.707097,82.98815,21.466125
2023-11-16,14.707097,82.98815,21.466125
2023-11-17,14.707097,82.98815,21.466125
2023-11-20,14.707097,82.98815,21.466125
2023-11-21,14.707097,82.98815,21.466125
2023-11-22,14.707097,82.98815,21.466125
2023-11-24,14.707097,82.98815,21.466125
2023-11-27,14.707097,82.98815,21.466125
2023-11-28,14.707097,82.98815,21.466125
2023-11-29,14.707097,82.98815,21.466125
2023-11-30,14.707097,82.98815,21.466125
2023-12-01,15.407775,89.3765,22.159105
2023-12-04,15.407775,89.3765,22.159105
2023-12-05,15.407775,89.3765,22.159105
2023-12-06,15.407775,89.3765,22.159105
2023-12-07,15.407775,89.3765,22.159105
2023-12-08,15.407775,89.3765,22.159105
2023-12-11,15.407775,89.3765,22.159105
2023-12-12,15.407775,89.3765,22.159105
2023-12-13,15.407775,89.3765,22.159105
2023-12-14,15.407775,89.3765,22.159105
2023-12-15,15.407775,89.3765,22.159105
2023-12-18,15.407775,89.3765,22.159105
2023-12-19,15.407775,89.3765,22.159105
2023-12-20,15.407775,89.3765,22.159105
2023-12-21,15.407775,89.3765,22.159105
2023-12-22,15.407775,89.3765,22.159105
2023-12-26,15.407775,89.3765,22.159105
2023-12-27,15.407775,89.3765,22.159105
2023-12-28,15.407775,89.3765,22.159105
2023-12-29,15.407775,89.3765,22.159105
2024-01-02,15.787769,88.26234,21.097775
2024-01-03,15.787769,88.26234,21.097775
2024-01-04,15.787769,88.26234,21.097775
2024-01-05,15.787769,88.26234,21.097775
2024-01-08,15.787769,88.26234,21.097775
2024-01-09,15.787769,88.26234,21.097775
2024-01-10,15.787769,88.26234,21.097775
2024-01-11,15.787769,88.26234,21.097775
2024-01-12,15.787769,88.26234,21.097775
2024-01-16,15.787769,88.26234,21.097775
2024-01-17,15.787769,88.26234,21.097775
2024-01-18,15.787769,88.26234,21.097775
2024-01-19,15.787769,88.26234,21.097775
2024-01-22,15.787769,88.26234,21.097775
2024-01-23,15.787769,88.26234,21.097775
2024-01-24,15.787769,88.26234,21.097775
2024-01-25,15.787769,88.26234,21.097775
2024-01-26,15.787769,88.26234,21.097775
2024-01-29,15.787769,88.26234,21.097775
2024-01-30,15.787769,88.26234,21.097775
2024-01-31,15.787769,88.26234,21.097775
2024-02-01,14.90225,103.54871,18.411186
2024-02-02,14.90225,103.54871,18.411186
2024-02-05,14.90225,103.54871,18.411186
2024-02-06,14.90225,103.54871,18.411186
2024-02-07,14.90225,103.54871,18.411186
2024-02-08,14.90225,103.54871,18.411186
2024-02-09,14.90225,103.54871,18.411186
2024-02-12,14.90225,103.54871,18.411186
2024-02-13,14.90225,103.54871,18.411186
2024-02-14,14.90225,103.54871,18.411186
2024-02-15,14.90225,103.54871,18.411186
2024-02-16,14.90225,103.54871,18.411186
2024-02-20,14.90225,103.54871,18.411186
2024-02-21,14.90225,103.54871,18.411186
2024-02-22,14.90225,103.54871,18.411186
2024-02-23,14.90225,103.54871,18.411186
2024-02-26,14.90225,103.54871,18.411186
2024-02-27,14.90225,103.54871,18.411186
2024-02-28,14.90225,103.54871,18.411186
2024-02-29,14.90225,103.54871,18.411186
2024-03-01,15.134999,60.177925,17.759096
2024-03-04,15.134999,60.177925,17.759096
2024-03-05,15.134999,60.177925,17.759096
2024-03-06,15.134999,60.177925,17.759096
2024-03-07,15.134999,60.177925,17.759096
2024-03-08,15.134999,60.177925,17.759096
2024-03-11,15.134999,60.177925,17.759096
2024-03-12,15.134999,60.177925,17.759096
2024-03-13,15.134999,60.177925,17.759096
2024-03-14,15.134999,60.177925,17.759096
2024-03-15,15.134999,60.177925,17.759096
2024-03-18,15.134999,60.177925,17.759096
2024-03-19,15.134999,60.177925,17.759096
2024-03-20,15.134999,60.177925,17.759096
2024-03-21,15.134999,60.177925,17.759096
2024-03-22,15.134999,60.177925,17.759096
2024-03-25,15.134999,60.177925,17.759096
2024-03-26,15.134999,60.177925,17.759096
2024-03-27,15.134999,60.177925,17.759096
2024-03-28,15.134999,60.177925,17.759096
2024-04-01,14.845505,62.247837,17.824196
2024-04-02,14.845505,62.247837,17.824196
2024-04-03,14.845505,62.247837,17.824196
2024-04-04,14.845505,62.247837,17.824196
2024-04-05,14.845505,62.247837,17.824196
2024-04-08,14.845505,62.247837,17.824196
2024-04-09,14.845505,62.247837,17.824196
2024-04-10,14.845505,62.247837,17.824196
2024-04-11,14.845505,62.247837,17.824196
2024-04-12,14.845505,62.247837,17.824196
2024-04-15,14.845505,62.247837,17.824196
2024-04-16,14.845505,62.247837,17.824196
2024-04-17,14.845505,62.247837,17.824196
2024-04-18,14.845505,62.247837,17.824196
2024-04-19,14.845505,62.247837,17.824196
2024-04-22,14.845505,62.247837,17.824196
2024-04-23,14.845505,62.247837,17.824196
2024-04-24,14.845505,62.247837,17.824196
2024-04-25,14.845505,62.247837,17.824196
2024-04-26,14.845505,62.247837,17.824196
2024-04-29,14.845505,62.247837,17.824196
2024-04-30,14.845505,62.247837,17.824196
2024-05-01,13.570905,58.85434,17.449917
2024-05-02,13.570905,58.85434,17.449917
2024-05-03,13.570905,58.85434,17.449917
2024-05-06,13.570905,58.85434,17.449917
2024-05-07,13.570905,58.85434,17.449917
2024-05-08,13.570905,58.85434,17.449917
2024-05-09,13.570905,58.85434,17.449917
2024-05-10,13.570905,58.85434,17.449917
2024-05-13,13.570905,58.85434,17.449917
2024-05-14,13.570905,58.85434,17.449917
2024-05-15,13.570905,58.85434,17.449917
2024-05-16,13.570905,58.85434,17.449917
2024-05-17,13.570905,58.85434,17.449917
2024-05-20,13.570905,58.85434,17.449917
2024-05-21,13.570905,58.85434,17.449917
2024-05-22,13.570905,58.85434,17.449917
2024-05-23,13.570905,58.85434,17.449917
2024-05-24,13.570905,58.85434,17.449917
2024-05-28,13.570905,58.85434,17.449917
2024-05-29,13.570905,58.85434,17.449917
2024-05-30,13.570905,58.85434,17.449917
2024-05-31,13.570905,58.85434,17.449917
2024-06-03,13.781591,60.0206,17.878653
2024-06-04,13.781591,60.0206,17.878653
2024-06-05,13.781591,60.0206,17.878653
2024-06-06,13.781591,60.0206,17.878653
2024-06-07,13.781591,60.0206,17.878653
2024-06-10,13.781591,60.0206,17.878653
2024-06-11,13.781591,60.0206,17.878653
2024-06-12,13.781591,60.0206,17.878653
2024-06-13,13.781591,60.0206,17.878653
2024-06-14,13.781591,60.0206,17.878653
2024-06-17,13.781591,60.0206,17.878653
2024-06-18,13.781591,60.0206,17.878653
2024-06-20,13.781591,60.0206,17.878653
2024-06-21,13.781591,60.0206,17.878653
2024-06-24,13.781591,60.0206,17.878653
2024-06-25,13.781591,60.0206,17.878653
2024-06-26,13.781591,60.0206,17.878653
2024-06-27,13.781591,60.0206,17.878653
2024-06-28,13.781591,60.0206,17.878653
2024-07-01,13.753713,66.230034,18.38846
2024-07-02,13.753713,66.230034,18.38846
2024-07-03,13.753713,66.230034,18.38846
2024-07-05,13.753713,66.230034,18.38846
2024-07-08,13.753713,66.230034,18.38846
2024-07-09,13.753713,66.230034,18.38846
2024-07-10,13.753713,66.230034,18.38846
2024-07-11,13.753713,66.230034,18.38846
2024-07-12,13.753713,66.230034,18.38846
2024-07-15,13.753713,66.230034,18.38846
2024-07-16,13.753713,66.230034,18.38846
2024-07-17,13.753713,66.230034,18.38846
2024-07-18,13.753713,66.230034,18.38846
2024-07-19,13.753713,66.230034,18.38846
2024-07-22,13.753713,66.230034,18.38846
2024-07-23,13.753713,66.230034,18.38846
2024-07-24,13.753713,66.230034,18.38846
2024-07-25,13.753713,66.230034,18.38846
2024-07-26,13.753713,66.230034,18.38846
2024-07-29,13.753713,66.230034,18.38846
2024-07-30,13.753713,66.230034,18.38846
2024-07-31,13.753713,66.230034,18.38846
2024-08-01,15.776303,58.662727,20.804981
2024-08-02,15.776303,58.662727,20.804981
2024-08-05,15.776303,58.662727,20.804981
2024-08-06,15.776303,58.662727,20.804981
2024-08-07,15.776303,58.662727,20.804981
2024-08-08,15.776303,58.662727,20.804981
2024-08-09,15.776303,58.662727,20.804981
2024-08-12,15.776303,58.662727,20.804981
2024-08-13,15.776303,58.662727,20.804981
2024-08-14,15.776303,58.662727,20.804981
2024-08-15,15.776303,58.662727,20.804981
2024-08-16,15.776303,58.662727,20.804981
2024-08-19,15.776303,58.662727,20.804981
2024-08-20,15.776303,58.662727,20.804981
2024-08-21,15.776303,58.662727,20.804981
2024-08-22,15.776303,58.662727,20.804981
2024-08-23,15.776303,58.662727,20.804981
2024-08-26,15.776303,58.662727,20.804981
2024-08-27,15.776303,58.662727,20.804981
2024-08-28,15.776303,58.662727,20.804981
2024-08-29,15.776303,58.662727,20.804981
2024-08-30,15.776303,58.662727,20.804981
2024-09-03,16.59692,59.091904,21.307322
2024-09-04,16.59692,59.091904,21.307322
2024-09-05,16.59692,59.091904,21.307322
2024-09-06,16.59692,59.091904,21.307322
2024-09-09,16.59692,59.091904,21.307322
2024-09-10,16.59692,59.091904,21.307322
2024-09-11,16.59692,59.091904,21.307322
2024-09-12,16.59692,59.091904,21.307322
2024-09-13,16.59692,59.091904,21.307322
2024-09-16,16.59692,59.091904,21.307322
2024-09-17,16.59692,59.091904,21.307322
2024-09-18,16.59692,59.091904,21.307322
2024-09-19,16.59692,59.091904,21.307322
2024-09-20,16.59692,59.091904,21.307322
2024-09-23,16.59692,59.091904,21.307322
2024-09-24,16.59692,59.091904,21.307322
2024-09-25,16.59692,59.091904,21.307322
2024-09-26,16.59692,59.091904,21.307322
2024-09-27,16.59692,59.091904,21.307322
2024-09-30,16.59692,59.091904,21.307322
2024-10-01,16.216108,54.50425,21.106533
2024-10-02,16.216108,54.50425,21.106533
2024-10-03,16.216108,54.50425,21.106533
2024-10-04,16.216108,54.50425,21.106533
2024-10-07,16.216108,54.50425,21.106533
